Dist Code,Year,Dist Name,PADDY HARVEST PRICE (Rs per Quintal),SORGHUM HARVEST PRICE (Rs per Quintal),BAJRA HARVEST PRICE (Rs per Quintal),MAIZE HARVEST PRICE (Rs per Quintal),RAGI HARVEST PRICE (Rs per Quintal),GRAM HARVEST PRICE (Rs per Quintal), ARHAR HARVEST PRICE (Rs per Quintal),GROUNDNUT HARVEST PRICE (Rs per Quintal),SEASMUM HARVEST PRICE (Rs per Quintal),SUGARCANE GUR HARVEST PRICE (Rs per Quintal),COTTON KAPAS HARVEST PRICE (Rs per Quintal)
63,1966,Adilabad,43.5,54.5,-1,53.9,-1,107.2,114.2,135,203.6,-1,115.3
63,1967,Adilabad,52.8,60,-1,63.5,-1,-1,145,-1,205,-1,-1
63,1968,Adilabad,58.7,62.1,-1,50.6,-1,78.5,70.5,99.5,-1,-1,126.3
63,1969,Adilabad,49.2,53.3,-1,51.8,-1,106.6,94.2,94,210.8,-1,169.7
63,1970,Adilabad,54.5,76.4,-1,63.4,-1,84.4,97.3,126.2,213.2,-1,256.6
63,1971,Adilabad,66.1,74.4,-1,63.4,-1,90.8,118.9,113.3,221.6,-1,233.2
63,1972,Adilabad,92.2,87.8,-1,76.2,-1,127.6,163.1,152.2,285.5,171.6,202.6
63,1973,Adilabad,83.5,120.1,-1,108.1,-1,178,154.3,210.5,376.6,-1,382
63,1974,Adilabad,109,150,-1,121,-1,180.5,197,177.8,360.7,-1,315.3
63,1975,Adilabad,87.9,110.6,-1,77.8,-1,117.7,149,151.6,331.1,-1,289.6
63,1976,Adilabad,90.1,108.4,-1,86.7,-1,146.5,174.6,188,388.7,-1,494.1
63,1977,Adilabad,-1,104,-1,90,-1,175,273,-1,406,-1,455.5
63,1978,Adilabad,-1,100,-1,88,-1,197,235.8,-1,359,-1,437
63,1979,Adilabad,-1,105,-1,93,-1,248,260,-1,-1,-1,-1
63,1980,Adilabad,-1,140.5,-1,98,-1,332,279,-1,511,-1,506.5
63,1981,Adilabad,-1,147.5,-1,126,-1,272,307,-1,538,-1,560
63,1982,Adilabad,-1,-1,-1,123.5,-1,310.4,347.1,-1,523.5,-1,535.5
63,1983,Adilabad,145.7,157.1,-1,142,-1,323.9,414,-1,658,-1,602
63,1984,Adilabad,-1,137.5,-1,144,-1,448,356,-1,772,-1,592.5
63,1985,Adilabad,-1,167,-1,120,-1,482,340,-1,640,-1,522
63,1986,Adilabad,167,180,-1,125,-1,480,442,-1,738,-1,510
63,1987,Adilabad,-1,225,-1,250,-1,498,504,-1,940,-1,819
63,1988,Adilabad,-1,236,-1,248,-1,507,506,-1,940,-1,773
63,1989,Adilabad,-1,234.5,-1,239,-1,536,530,-1,949,-1,793
63,1990,Adilabad,-1,258,-1,255,-1,-1,540,-1,985,-1,850
63,1991,Adilabad,214,344,-1,320,-1,-1,-1,873,1462,378,1347
63,1992,Adilabad,296,240,-1,258,-1,-1,943,-1,1152,-1,1055
63,1993,Adilabad,344,240,263,229,-1,-1,983,-1,1323,-1,1229
63,1994,Adilabad,378,424,-1,354,-1,-1,1169,-1,2094,-1,2184
63,1995,Adilabad,392,-1,341,341,-1,-1,1310,-1,-1,-1,2133
63,1996,Adilabad,505,466,386,464,379,1203,1186,1147,1553,850,1823
63,1997,Adilabad,490,474,-1,438,-1,1441,1586,1077,1244,1043,2152
63,1998,Adilabad,443,499,415,427,-1,1162,1661,1191,2021,981,2262
63,1999,Adilabad,555,570,438,449,-1,1203,1362,1250,1904,715,2092
63,2000,Adilabad,499,479,-1,417,-1,1450,1380,1882,1627,629,2071
63,2001,Adilabad,518,477,-1,477,-1,1457,1291,1202,1797,811,2071
63,2002,Adilabad,550,571,474,489,415,1629,1356,1321,1626,829,1902
63,2003,Adilabad,568,574,544,470,-1,1414,1635,1535,1554,776,2420
63,2004,Adilabad,632,501,454,470,504,1360,1359,1376,2557,1188,1932
63,2005,Adilabad,576,557,697,505,524,1550,1518,1672,2095,1100,1879
63,2006,Adilabad,630,570,885,533,555,2073,2094,1843,2546,1051,1869
63,2007,Adilabad,820,733,1438,690,734,1973,2178,1869,3339,1041,2190
63,2008,Adilabad,942,727,1741,816,838,1549,2205,2408,3655,1221,2898
63,2009,Adilabad,952,992,928,802,1041,1995,3775,2505,5285,3007,3094
63,2010,Adilabad,987,822,3526,878,-1,2050,3055,3651,4209,2069,4310
63,2011,Adilabad,1038,1275,1906,956,-1,2431,3072,4015,4192,-1,3857
63,2012,Adilabad,1176,1330,3526,1166,-1,2840,3592,4828,6847,-1,3962
63,2015,Adilabad,1347,1819,1350,1339,-1,4580,7405,4956,6695,-1,3982
55,1966,Hyderabad,48.1,54.3,64,-1,50.1,-1,102.5,103.8,180.3,-1,-1
55,1967,Hyderabad,48.7,52,65.4,-1,56.2,-1,112.9,86.9,143.3,-1,-1
55,1968,Hyderabad,55.9,60.5,61.3,-1,-1,-1,115,-1,-1,-1,-1
55,1969,Hyderabad,53.2,58,49,-1,44.7,96.8,85,-1,156.5,60.5,210
55,1970,Hyderabad,56.8,68.6,54,44.4,54.8,97.5,104.7,121.4,199.3,-1,-1
55,1971,Hyderabad,64.1,81.5,64.6,-1,72.4,130.4,112.4,105.7,211.3,-1,-1
55,1972,Hyderabad,82.8,100.7,95.9,-1,88.6,184,150.8,206.8,273.5,-1,-1
55,1973,Hyderabad,78.1,127.5,110,94.5,87.8,190,160.3,248.6,383.2,146,-1
55,1974,Hyderabad,96.5,150,145.7,129.9,120.5,209.1,150.9,210.1,425.2,-1,955.8
55,1975,Hyderabad,86.1,108.2,76.1,75.8,72.9,137.8,115.9,147.7,327.4,140,-1
55,1976,Hyderabad,91.4,121.4,86.6,114,95.8,147.8,171,243.2,385.5,-1,-1
55,1977,Hyderabad,95.6,105.9,-1,93,85.7,207.8,270.1,-1,337.9,-1,-1
55,1978,Hyderabad,86.5,93.5,-1,109,68,213,266,-1,371,-1,-1
55,1979,Hyderabad,97.6,96.2,-1,110,83.4,275.1,272,-1,442,-1,-1
55,1980,Hyderabad,128,138,-1,103,117,390,342.3,-1,504,-1,-1
55,1981,Hyderabad,133.6,147.7,-1,139,125,301.7,351,-1,469,-1,401
55,1982,Hyderabad,136,145.5,-1,142,123,255,351,-1,544,-1,-1
55,1983,Hyderabad,150,178.5,132.9,139,144,302,483,-1,705,227.9,-1
55,1984,Hyderabad,139.5,143.5,-1,148,146,427,370,-1,762,-1,-1
55,1985,Hyderabad,164.8,161.3,173.5,173.5,130,583.2,421.3,710,-1,-1,-1
55,1986,Hyderabad,167.1,179.8,-1,175.5,131,386,454.9,-1,790.1,-1,-1
55,1987,Hyderabad,180.7,198.3,177.8,-1,138.1,465,857.1,-1,1096.5,-1,-1
55,1988,Hyderabad,185.9,220,-1,-1,165,615.1,739.5,-1,871,-1,-1
55,1989,Hyderabad,-1,-1,-1,-1,-1,-1,-1,-1,-1,-1,-1
55,1990,Hyderabad,237,214,-1,220,166,1034,1025,-1,1005,-1,-1
55,1991,Hyderabad,318,361,-1,298,242,734,1048,965,-1,378,1385
55,1992,Hyderabad,312,301,266,266,254,-1,1035,764,-1,-1,-1
55,1993,Hyderabad,339,310,204,251,178,992,-1,806,-1,-1,-1
55,1994,Hyderabad,382,484,272,312,268,899,-1,1098,-1,-1,-1
55,1995,Hyderabad,-1,-1,-1,-1,-1,-1,-1,-1,-1,-1,-1
55,1996,Hyderabad,423,586,382,381,370,1050,1327,1034,1768,850,1769
55,1997,Hyderabad,488,615,422,405,399,1080,1588,1085,1338,1043,1800
55,1998,Hyderabad,-1,462,665,394,436,-1,996,-1,1860,1650,2406
55,1999,Hyderabad,539,749,510,457,425,1298,1576,1138,1687,686,1990
55,2000,Hyderabad,476,596,351,379,451,1264,1485,1178,1845,1485,2212
55,2001,Hyderabad,499,572,380,446,443,1331,1281,1333,1719,811,1705
55,2002,Hyderabad,617,589,484,493,441,1351,1677,1772,1828,829,2031
55,2003,Hyderabad,575,593,458,490,476,1579,1973,1390,1906,776,2322
55,2004,Hyderabad,577,737,485,481,509,1625,1458,1519,1924,1188,1886
55,2005,Hyderabad,582,722,518,527,531,1540,1542,1452,2678,1102,2069
55,2006,Hyderabad,634,716,512,591,543,2263,2064,1645,2099,1051,1961
55,2007,Hyderabad,724,1175,728,672,726,1826,2122,1698,3655,1041,2079
55,2008,Hyderabad,862,1071,779,858,910,2456,2523,2258,3619,2437,2830
55,2009,Hyderabad,1139,1114,908,867,1041,2116,3817,2658,3706,3007,2965
55,2010,Hyderabad,-1,-1,-1,-1,-1,-1,-1,-1,-1,-1,-1
55,2011,Hyderabad,-1,-1,-1,-1,-1,-1,-1,-1,-1,-1,-1
62,1966,Karimnagar,47.4,58.5,-1,57.5,-1,137.3,-1,-1,203.5,-1,-1
62,1967,Karimnagar,51.8,61.3,-1,62.2,-1,102.4,-1,-1,164.8,-1,-1
62,1968,Karimnagar,58.9,63.1,-1,57.9,-1,90.6,-1,-1,-1,-1,-1
62,1969,Karimnagar,56.2,56.1,-1,52.3,-1,103.6,-1,-1,208,-1,-1
62,1970,Karimnagar,48.4,47.6,-1,47.8,-1,89.8,92.9,124.6,161.4,-1,-1
62,1971,Karimnagar,70.1,78.7,-1,62.9,-1,94.3,105.8,113.5,216.1,-1,-1
62,1972,Karimnagar,90.8,90.5,-1,81.9,-1,-1,159.5,146,257.1,-1,-1
62,1973,Karimnagar,81.2,103.6,-1,100,-1,213.8,147.9,232.5,345.3,-1,-1
62,1974,Karimnagar,110,143.6,-1,96.8,-1,182.2,162.4,199.6,335.8,-1,-1
62,1975,Karimnagar,85.3,93.1,-1,71.2,-1,137.4,144.6,-1,316.4,-1,-1
62,1976,Karimnagar,90,103.9,-1,92.4,-1,147.5,-1,-1,406,-1,-1
62,1977,Karimnagar,89.3,90,-1,91.4,-1,207,-1,-1,395.7,-1,-1
62,1978,Karimnagar,79.5,77.1,-1,77.6,-1,218.5,244.1,-1,417.9,-1,-1
62,1979,Karimnagar,96.9,97.3,-1,100,-1,221.8,271.1,-1,-1,-1,-1
62,1980,Karimnagar,108.9,107,-1,104.5,-1,340.1,273.2,-1,541.8,-1,-1
62,1981,Karimnagar,111.5,106,-1,109,-1,311.4,293.8,-1,509.6,-1,-1
62,1982,Karimnagar,127.3,114,-1,131.1,-1,297.1,339.7,-1,611.8,-1,-1
62,1983,Karimnagar,145.7,138.5,-1,132.9,-1,328.6,399,-1,579,-1,-1
62,1984,Karimnagar,136.5,125.5,-1,120.3,-1,407.3,-1,-1,712.3,-1,-1
62,1985,Karimnagar,152.3,126,-1,161.9,-1,349.8,326.2,-1,686.6,-1,-1
62,1986,Karimnagar,152.8,131.5,-1,181.5,-1,381.6,337.3,-1,851.8,-1,-1
62,1987,Karimnagar,179.6,152.9,-1,185.2,-1,430.1,623.2,-1,1334.5,-1,-1
62,1988,Karimnagar,194.3,173.4,-1,206.1,-1,622.6,529,-1,1203.4,-1,-1
62,1989,Karimnagar,187.3,179.3,-1,196.8,-1,607,575,-1,1097,-1,-1
62,1990,Karimnagar,213,188,-1,212,-1,740,893,759,-1,-1,-1
62,1991,Karimnagar,259,345,-1,287,-1,-1,1024,911,-1,378,1213
62,1992,Karimnagar,294,-1,-1,242,-1,877,-1,839,-1,-1,1018
62,1993,Karimnagar,333,-1,-1,341,-1,936,-1,719,-1,-1,-1
62,1994,Karimnagar,369,-1,-1,371,-1,895,1310,946,-1,-1,1944
62,1995,Karimnagar,400,-1,361,361,-1,-1,-1,1046,-1,-1,1859
62,1996,Karimnagar,407,499,386,388,379,1175,1325,1090,1452,850,1916
62,1997,Karimnagar,461,470,395,391,415,1441,1456,1077,1244,1043,2062
62,1998,Karimnagar,448,513,415,437,-1,1157,1551,1137,2021,981,2062
62,1999,Karimnagar,534,570,438,452,-1,1365,1362,1198,1904,-1,1883
62,2000,Karimnagar,490,479,-1,366,-1,1466,1380,1233,1627,629,2138
62,2001,Karimnagar,527,559,-1,470,-1,1457,1291,1293,1797,811,1697
62,2002,Karimnagar,552,534,474,506,-1,1436,1439,1607,1795,829,2022
62,2003,Karimnagar,573,586,544,493,-1,1260,1685,1446,1562,776,2334
62,2004,Karimnagar,592,541,454,507,504,1360,1352,1593,2551,1188,1881
62,2005,Karimnagar,611,584,740,522,524,1572,1506,1581,2193,1100,2087
62,2006,Karimnagar,622,775,885,614,555,2154,2001,2033,2252,1178,1980
62,2007,Karimnagar,747,1281,1438,652,734,2070,2000,2152,4167,1050,2325
62,2008,Karimnagar,897,936,950,769,838,2143,2820,2283,3655,1301,2837
62,2009,Karimnagar,997,898,928,828,1041,2217,3425,2606,4487,2200,3027
62,2010,Karimnagar,982,1165,3526,990,-1,2592,3172,3645,3908,2069,3871
62,2011,Karimnagar,1080,1930,-1,1041,-1,3095,2801,4211,5155,2200,3540
62,2012,Karimnagar,1263,2717,3526,1230,-1,3399,3181,4823,6923,2600,3738
62,2015,Karimnagar,1404,-1,-1,1366,-1,4066,7293,5007,6695,2900,3980
61,1966,Khammam,41.6,58.2,-1,53.9,-1,-1,77,94.8,111.5,-1,-1
61,1967,Khammam,44.9,58.5,-1,53.6,-1,-1,115.6,111.9,139,-1,-1
61,1968,Khammam,54,56.5,-1,65.8,-1,-1,86.3,89.5,-1,-1,-1
61,1969,Khammam,55,57.4,-1,53.6,-1,-1,97.7,121.5,170.8,-1,-1
61,1970,Khammam,53.4,59.4,-1,49.1,-1,-1,92.9,124.3,161.4,-1,-1
61,1971,Khammam,64.5,75.5,-1,84,-1,-1,105.8,113.5,216.1,-1,-1
61,1972,Khammam,77.6,74,-1,87.2,-1,-1,159.6,146,257.1,-1,-1
61,1973,Khammam,74.6,102.2,-1,86.5,-1,-1,147.9,232.5,345.3,-1,-1
61,1974,Khammam,106.4,143.6,-1,96.8,-1,-1,162.4,199.6,335.8,-1,-1
61,1975,Khammam,84.4,97,-1,85.8,-1,-1,-1,150.8,248.8,-1,-1
61,1976,Khammam,84,99.6,-1,81.6,-1,-1,181.2,214.7,337,-1,-1
61,1977,Khammam,102.8,103.8,-1,-1,-1,-1,260.8,-1,285.8,-1,-1
61,1978,Khammam,89.4,95.5,-1,-1,-1,-1,195.5,-1,354.5,-1,-1
61,1979,Khammam,98.9,89.4,-1,-1,-1,-1,251.9,-1,340.8,-1,-1
61,1980,Khammam,120.1,113.4,-1,-1,94.6,-1,356,-1,441,-1,-1
61,1981,Khammam,124,137,-1,-1,-1,-1,356,-1,441,-1,-1
61,1982,Khammam,139,125.5,-1,-1,-1,-1,329,-1,603,-1,-1
61,1983,Khammam,150.7,151.5,105.4,133.3,-1,-1,399,-1,564,-1,-1
61,1984,Khammam,153,145,-1,-1,-1,-1,345,-1,659,-1,-1
61,1985,Khammam,158,155,-1,-1,-1,-1,310,-1,618,-1,-1
61,1986,Khammam,196.4,144,-1,-1,-1,-1,475,-1,740.5,-1,-1
61,1987,Khammam,193,136.5,-1,-1,-1,-1,665,617.7,870,-1,778
61,1988,Khammam,209,217.6,-1,-1,-1,-1,706.8,558.5,737.5,-1,803.5
61,1989,Khammam,193.3,235.6,-1,-1,-1,-1,638.5,662.8,845.7,-1,764.3
61,1990,Khammam,211,213,-1,-1,-1,-1,818,856,1100,-1,875
61,1991,Khammam,321,336,-1,298,-1,-1,900,1015,1513,378,1603
61,1992,Khammam,315,-1,-1,-1,-1,-1,940,858,1244,-1,1032
61,1993,Khammam,366,280,280,-1,-1,-1,935,890,1231,-1,1352
61,1994,Khammam,366,395,-1,311,-1,-1,1132,1030,1370,-1,2325
61,1995,Khammam,391,-1,-1,373,-1,-1,1658,1040,-1,-1,2006
61,1996,Khammam,390,510,386,365,379,1203,1240,1227,1504,850,1694
61,1997,Khammam,421,497,389,391,410,1441,1652,1173,1432,1043,1920
61,1998,Khammam,465,470,394,460,400,-1,1623,1198,1983,981,1888
61,1999,Khammam,492,593,438,415,425,1315,1450,1153,1959,715,1841
61,2000,Khammam,511,613,418,358,448,1466,1308,1157,1461,1426,2283
61,2001,Khammam,520,558,380,443,446,1525,1360,1229,1744,811,1790
61,2002,Khammam,609,596,479,453,445,1393,1450,1549,1898,829,2022
61,2003,Khammam,536,447,465,495,467,1414,1463,1420,1862,776,2169
61,2004,Khammam,593,648,516,491,505,1604,1426,1455,2438,1188,1834
61,2005,Khammam,664,702,662,507,531,1700,1500,1642,2261,1100,1971
61,2006,Khammam,633,780,616,604,521,1943,1999,2200,2239,1178,1999
61,2007,Khammam,813,876,742,625,734,2163,2160,2078,3105,1041,1915
61,2008,Khammam,1017,1116,950,779,838,2306,2853,2299,3735,1971,2698
61,2009,Khammam,1448,1573,908,783,1041,2116,3730,2518,3847,2089,2923
61,2010,Khammam,1024,1432,-1,1089,-1,2808,3289,3592,3807,2069,3760
61,2011,Khammam,1093,2211,-1,1058,-1,2995,2977,4279,4811,2200,3558
61,2012,Khammam,2170,2717,-1,1205,-1,3551,3992,4997,6820,-1,3523
61,2015,Khammam,1489,-1,-1,1405,-1,-1,-1,7264,-1,3100,3796
58,1966,Mahabubnagar,47.5,59,66.2,-1,62.1,132.5,101.4,137.3,195.6,-1,-1
58,1967,Mahabubnagar,55.7,65.9,61.2,-1,61.7,-1,-1,-1,152.3,-1,-1
58,1968,Mahabubnagar,61.9,65.1,55,-1,51.1,76.8,76.9,124.2,-1,-1,-1
58,1969,Mahabubnagar,53.1,56.2,55,-1,51.7,118.5,89.8,125.2,187.5,-1,-1
58,1970,Mahabubnagar,57.9,62.7,45.5,-1,45.7,82.4,93.9,128.5,216.6,-1,-1
58,1971,Mahabubnagar,70.2,85.7,71.1,-1,71.4,79.9,93.5,125.1,172.3,-1,-1
58,1972,Mahabubnagar,90.8,110.6,87.2,-1,91.9,-1,144.4,179.1,214.2,-1,211.3
58,1973,Mahabubnagar,85,95.5,86.1,-1,80.4,-1,121.9,214.8,-1,-1,-1
58,1974,Mahabubnagar,112.8,152.7,142.2,-1,128.1,-1,190.1,215.6,-1,-1,344.1
58,1975,Mahabubnagar,81,107.1,81.9,-1,74.5,-1,-1,151.2,-1,-1,337.2
58,1976,Mahabubnagar,92.5,122,107.7,-1,106.8,-1,211.4,240.5,-1,-1,435
58,1977,Mahabubnagar,94,109.5,100,-1,89,214,266,234.5,-1,-1,269
58,1978,Mahabubnagar,84,85.8,70,-1,66,240,247,212,-1,-1,392.3
58,1979,Mahabubnagar,92.8,93.5,84,-1,77,218,242,268.5,-1,-1,374.5
58,1980,Mahabubnagar,122.3,129.1,108,-1,109,357.3,290,349.5,-1,-1,358
58,1981,Mahabubnagar,129.5,149,125.3,-1,118,361.1,298.4,354.5,-1,-1,378.4
58,1982,Mahabubnagar,147.4,148.3,122.2,-1,107.1,362.2,316.6,397.2,-1,-1,384.2
58,1983,Mahabubnagar,149.2,156.9,132.9,134.1,133.5,364.6,345,412.3,-1,-1,407.1
58,1984,Mahabubnagar,150.4,160,131.5,-1,131.1,395.1,329.4,408.4,-1,-1,410.2
58,1985,Mahabubnagar,171.8,143.7,138,-1,130.1,460.9,310.4,487.8,-1,-1,451
58,1986,Mahabubnagar,185.2,153,139,-1,137,370,472,539.5,-1,-1,500
58,1987,Mahabubnagar,203.3,160,140,-1,138,380,500,567.5,-1,-1,700
58,1988,Mahabubnagar,212,240.5,185,-1,168,-1,597,534,-1,-1,-1
58,1989,Mahabubnagar,216.5,204,175,-1,178,669,645,653.5,-1,-1,-1
58,1990,Mahabubnagar,234,222,182,-1,158,692,852,851,-1,-1,942
58,1991,Mahabubnagar,302,367,301,298,229,781,941,954,-1,378,1385
58,1992,Mahabubnagar,358,295,290,-1,240,720,950,918,-1,-1,1150
58,1993,Mahabubnagar,398,285,270,-1,200,1120,740,1035,-1,-1,1650
58,1994,Mahabubnagar,417,372,272,305,280,989,1116,1024,-1,584,2231
58,1995,Mahabubnagar,437,-1,398,431,390,914,1141,1023,-1,-1,2071
58,1996,Mahabubnagar,467,465,361,401,321,1449,1313,1115,1452,850,1757
58,1997,Mahabubnagar,505,470,372,411,372,1650,1320,1099,1338,1043,1850
58,1998,Mahabubnagar,-1,450,607,347,469,-1,1267,-1,1836,1754,1836
58,1999,Mahabubnagar,604,766,510,457,466,1291,1450,1232,1564,910,1875
58,2000,Mahabubnagar,520,451,351,372,405,1575,1268,1098,1845,1268,2075
58,2001,Mahabubnagar,562,493,380,472,383,1440,1281,1202,1719,-1,1705
58,2002,Mahabubnagar,614,502,479,517,415,1351,1587,1496,1828,829,2031
58,2003,Mahabubnagar,584,509,458,478,465,1510,1597,1703,1864,776,2430
58,2004,Mahabubnagar,556,691,510,520,500,1625,1471,1388,2109,1188,1752
58,2005,Mahabubnagar,667,800,518,537,531,1723,1633,1567,1768,1551,2152
58,2006,Mahabubnagar,671,723,512,641,543,2263,1759,1763,2248,1106,2214
58,2007,Mahabubnagar,727,1382,728,607,726,2275,1903,2183,3495,1041,2080
58,2008,Mahabubnagar,1045,1269,779,882,910,2394,2689,2406,3500,2437,2697
58,2009,Mahabubnagar,1407,1553,1112,982,1277,2840,3825,3145,3706,1618,2919
58,2010,Mahabubnagar,997,1226,978,906,1146,2509,3181,3706,4715,1947,4068
58,2011,Mahabubnagar,1146,2685,924,1080,1084,3332,4291,4244,3582,2133,3847
58,2012,Mahabubnagar,1617,2211,1069,1240,1310,3387,3926,4803,8512,2600,3621
58,2015,Mahabubnagar,1428,2011,1807,1331,1756,4357,-1,4272,-1,2900,3973
57,1966,Medak,44.5,62.5,-1,52.7,55.8,143.9,88.5,110.3,192.7,-1,-1
57,1967,Medak,50.5,64.6,-1,62,-1,153,132.1,-1,170.4,-1,-1
57,1968,Medak,57.9,-1,-1,-1,-1,-1,-1,-1,-1,-1,-1
57,1969,Medak,51,52.5,-1,58.9,46.2,-1,86.8,118.6,223.3,67.1,-1
57,1970,Medak,55.4,-1,-1,50.6,43.6,-1,-1,-1,177.9,-1,-1
57,1971,Medak,64.6,84.5,-1,51.3,58.8,91.5,105.5,117.8,207.7,101,-1
57,1972,Medak,81.6,103,71.8,89.3,88.6,152.8,150.7,187.3,273.5,139,-1
57,1973,Medak,78.4,117.3,53,111.3,64.9,194,157.5,202.6,312.1,114,-1
57,1974,Medak,90.5,150,124,123.5,103,198,181,293.5,-1,146,-1
57,1975,Medak,84,103,88,71.5,59,130,139,160.5,309,129,-1
57,1976,Medak,88,111,100,87.5,87,148,195,193,374,150,-1
57,1977,Medak,96.5,84.5,-1,79,62,204,295,-1,376,84,-1
57,1978,Medak,85.3,81.3,-1,90.8,62,198,284,-1,360,77,-1
57,1979,Medak,95,94.2,-1,90,64.5,242.7,279,-1,423,-1,-1
57,1980,Medak,114.3,124.6,-1,100.5,92.5,384,312.9,306.4,447.4,263,-1
57,1981,Medak,127.6,158.4,-1,117.3,-1,332.3,328.7,-1,507.3,295.5,-1
57,1982,Medak,137,153.9,-1,126.3,139,273.9,351,-1,543,-1,-1
57,1983,Medak,145.9,168.7,132.9,134.1,117.8,347.5,427.8,-1,653.7,227.7,-1
57,1984,Medak,143,148.7,-1,105,144.7,390.9,367,-1,656.4,281.6,-1
57,1985,Medak,152,162.5,-1,126.5,136.3,404,374,-1,667,278.5,-1
57,1986,Medak,157.4,174.9,-1,149,124,428.6,455,-1,685,230,-1
57,1987,Medak,168,178.9,-1,164.9,120,457.4,680.1,906,-1,222.2,-1
57,1988,Medak,186.7,279.8,-1,170.1,155.1,623.2,567.1,-1,794.6,-1,-1
57,1989,Medak,196.1,240.1,-1,189.1,182.3,624.8,654.8,617.8,965,308,-1
57,1990,Medak,207,241,-1,183,155,713,846,839,1110,354,-1
57,1991,Medak,289,426,-1,323,-1,655,1034,978,-1,371,1360
57,1992,Medak,295,306,-1,288,-1,842,1077,940,1131,438,-1
57,1993,Medak,337,263,301,226,-1,1228,1044,879,1394,587,-1
57,1994,Medak,372,387,-1,341,-1,957,-1,967,1446,562,-1
57,1995,Medak,374,-1,-1,372,-1,827,1646,-1,-1,503,-1
57,1996,Medak,387,518,386,377,379,1152,1449,1154,1547,850,-1
57,1997,Medak,453,535,395,396,381,1371,1588,1045,1338,1043,1800
57,1998,Medak,-1,475,513,374,430,-1,1062,1391,1918,1572,2050
57,1999,Medak,508,722,438,433,425,1298,1450,1226,1985,686,1990
57,2000,Medak,471,520,351,370,451,1479,1450,1223,1996,1450,2212
57,2001,Medak,549,507,380,464,446,1634,1381,1236,1771,811,1705
57,2002,Medak,612,474,484,502,445,1484,1455,1604,1779,829,2031
57,2003,Medak,570,592,459,431,467,1399,1762,1535,1794,760,2366
57,2004,Medak,565,738,516,501,504,1431,1551,1543,2368,1188,1855
57,2005,Medak,550,756,534,496,531,1600,1511,1495,2095,1102,2069
57,2006,Medak,634,920,512,609,521,1921,2192,1806,2245,1106,1961
57,2007,Medak,733,1512,728,653,734,2317,2115,2024,2134,1012,2025
57,2008,Medak,863,1091,779,811,838,2096,2905,2415,4621,1144,2705
57,2009,Medak,1030,1485,1112,808,1041,2008,3745,2515,3706,2084,3021
57,2010,Medak,956,1885,978,923,-1,2499,3602,3307,4715,1956,3882
57,2011,Medak,1057,1954,748,998,-1,3194,3217,3795,-1,1915,3662
57,2012,Medak,1271,1926,1069,1255,-1,3724,3953,4477,7887,2600,3683
57,2015,Medak,1428,2623,-1,1377,-1,4066,-1,4889,-1,3250,3861
59,1966,Nalgonda,49.1,57.9,57.7,-1,-1,-1,84.8,144.5,157.8,-1,-1
59,1967,Nalgonda,57.1,61.1,21.5,-1,-1,-1,125.5,-1,-1,-1,-1
59,1968,Nalgonda,61.9,-1,41,-1,-1,-1,-1,126,-1,-1,-1
59,1969,Nalgonda,62.1,59,51.5,-1,-1,-1,79.4,133.9,-1,-1,-1
59,1970,Nalgonda,55.1,58.9,60.8,-1,-1,108.7,91,128.5,-1,-1,-1
59,1971,Nalgonda,71.2,75.2,74.2,-1,-1,-1,93.5,125.1,-1,-1,-1
59,1972,Nalgonda,84.4,99.8,104.4,-1,-1,-1,144.4,178.6,225,-1,-1
59,1973,Nalgonda,78.7,95.3,88.1,-1,-1,180.4,121.9,214.8,-1,-1,-1
59,1974,Nalgonda,109.2,142,133.7,-1,-1,176.9,190.1,215.6,-1,-1,-1
59,1975,Nalgonda,82.3,83.4,76.7,-1,-1,126.5,101.8,145,-1,-1,-1
59,1976,Nalgonda,89.7,95.4,83.4,-1,-1,-1,-1,231.4,-1,-1,-1
59,1977,Nalgonda,95.7,96.6,94.7,-1,-1,-1,253.1,219.8,-1,-1,-1
59,1978,Nalgonda,89.6,77.3,78.1,-1,-1,-1,234.2,201.1,-1,-1,-1
59,1979,Nalgonda,99.9,86,85.3,-1,-1,-1,247.1,-1,-1,-1,-1
59,1980,Nalgonda,116.5,92.8,84.6,-1,-1,-1,288,363.4,-1,-1,-1
59,1981,Nalgonda,129.3,115.1,125.4,-1,-1,-1,294.6,338.7,-1,-1,-1
59,1982,Nalgonda,132.9,101.4,92.4,-1,-1,-1,302.4,340.8,-1,-1,-1
59,1983,Nalgonda,145,120.6,111.6,141.3,-1,-1,360.2,399.6,-1,-1,-1
59,1984,Nalgonda,144.3,122.4,119,-1,-1,-1,333,412.8,-1,-1,-1
59,1985,Nalgonda,158.4,121.1,136.2,-1,-1,-1,333,419.9,-1,-1,-1
59,1986,Nalgonda,159.2,131.2,128.6,-1,-1,-1,445.7,530.1,-1,-1,-1
59,1987,Nalgonda,168.9,131.5,146.4,-1,-1,-1,588.4,608.6,-1,-1,-1
59,1988,Nalgonda,195.8,167.5,153.3,-1,-1,-1,470.7,475.1,-1,-1,-1
59,1989,Nalgonda,194.4,218.1,177.6,-1,-1,-1,591.3,564.6,-1,-1,-1
59,1990,Nalgonda,194,192,198,-1,-1,-1,780,759,-1,-1,-1
59,1991,Nalgonda,298,346,371,298,-1,-1,830,396,-1,378,1603
59,1992,Nalgonda,278,297,281,-1,-1,-1,831,793,-1,-1,819
59,1993,Nalgonda,341,260,254,-1,-1,-1,840,892,-1,-1,-1
59,1994,Nalgonda,363,348,338,-1,-1,-1,1258,946,705,-1,-1
59,1995,Nalgonda,376,-1,349,-1,-1,-1,1455,1071,-1,-1,-1
59,1996,Nalgonda,413,499,361,393,379,1203,1247,1053,1452,850,-1
59,1997,Nalgonda,453,476,389,391,415,1441,1364,1191,1432,1043,1920
59,1998,Nalgonda,461,454,400,441,-1,1162,1623,1235,1836,981,2050
59,1999,Nalgonda,561,575,438,415,-1,1365,1362,1222,1946,715,1841
59,2000,Nalgonda,477,524,418,358,444,1466,1308,1081,1331,1426,2148
59,2001,Nalgonda,572,551,380,443,-1,1525,1284,1212,1279,811,1790
59,2002,Nalgonda,598,596,484,453,-1,1436,1495,1549,1544,829,2022
59,2003,Nalgonda,580,468,458,475,-1,1414,1691,1679,1861,776,2418
59,2004,Nalgonda,613,635,488,477,504,1604,1418,1424,2509,1188,1729
59,2005,Nalgonda,628,685,598,512,524,1700,1532,1453,2271,1100,1860
59,2006,Nalgonda,666,707,616,580,555,1943,2086,1878,2385,1178,1861
59,2007,Nalgonda,765,854,728,667,734,2163,2090,1997,2585,1041,1912
59,2008,Nalgonda,988,1163,1013,784,838,2306,2591,2474,2665,1301,2793
59,2009,Nalgonda,1300,1792,1092,815,1041,2405,3534,2892,3828,2089,3086
59,2010,Nalgonda,1040,1628,1009,908,-1,2808,3355,3019,3592,2069,3972
59,2011,Nalgonda,1067,1950,989,970,-1,2995,2976,3593,3511,2200,3710
59,2012,Nalgonda,1334,1821,1328,1241,-1,3387,3725,4194,4346,2600,3467
59,2015,Nalgonda,1429,2699,1919,2206,-1,-1,-1,4748,6545,2900,3973
56,1966,Nizamabad,42.9,57.7,-1,50.5,-1,-1,-1,118.1,187.8,69.9,-1
56,1967,Nizamabad,48,62.9,65.4,67.7,60.4,-1,-1,154,218.3,-1,-1
56,1968,Nizamabad,53.3,67.1,-1,-1,-1,-1,-1,95.7,-1,-1,-1
56,1969,Nizamabad,48.3,66,-1,64.7,-1,-1,-1,137.3,204.3,60.5,-1
56,1970,Nizamabad,56.1,78.5,-1,44,-1,96,95,134.2,150.6,70.2,282
56,1971,Nizamabad,70.4,85,-1,58.9,-1,97.5,-1,92.5,193.2,101.9,-1
56,1972,Nizamabad,84.4,105.3,-1,79.5,-1,130.4,-1,129.5,271.4,125.5,-1
56,1973,Nizamabad,80.7,106.8,-1,71.5,-1,184,143,174.4,315.6,144.8,-1
56,1974,Nizamabad,113.2,148.5,-1,142.5,-1,190,-1,172.3,386.5,113,-1
56,1975,Nizamabad,86.6,130.4,-1,73.4,-1,130.2,-1,140.2,140.2,96,-1
56,1976,Nizamabad,86.5,125,-1,82.9,-1,147.5,-1,186,402.2,133,-1
56,1977,Nizamabad,91.6,98.4,-1,88.2,-1,246.2,-1,-1,-1,107.5,-1
56,1978,Nizamabad,82.1,127.4,-1,90.1,-1,210,-1,-1,-1,78.5,-1
56,1979,Nizamabad,100.6,106.7,-1,100.5,-1,228.7,-1,220.2,445,212,-1
56,1980,Nizamabad,114.1,127.5,-1,96.5,-1,304,-1,-1,-1,265.2,-1
56,1981,Nizamabad,119.8,212.4,-1,118.8,-1,267.8,-1,-1,-1,295.5,-1
56,1982,Nizamabad,139,146.4,-1,133.1,-1,-1,-1,376.3,-1,148.6,-1
56,1983,Nizamabad,148.8,168.4,132.9,144.3,-1,295.8,-1,392.4,-1,262,-1
56,1984,Nizamabad,145.3,148.7,-1,109.3,-1,434.2,-1,404.6,-1,257.9,-1
56,1985,Nizamabad,157.4,154,-1,157.3,-1,421.4,-1,418.5,-1,301.1,-1
56,1986,Nizamabad,158.5,160.5,-1,152.8,-1,321.9,-1,449.9,-1,269.4,-1
56,1987,Nizamabad,175.1,179.2,-1,146.1,-1,429.9,-1,607.3,-1,307.2,-1
56,1988,Nizamabad,186.5,194,-1,176,-1,665,-1,638,-1,302,-1
56,1989,Nizamabad,198.5,306,194,173,-1,564,-1,-1,-1,394,714
56,1990,Nizamabad,208,235,380,188,-1,585,839,738,1029,378,-1
56,1991,Nizamabad,292,388,-1,294,-1,708,967,1038,-1,378,1360
56,1992,Nizamabad,304,296,240,270,-1,738,925,669,1015,555,1359
56,1993,Nizamabad,355,341,351,256,-1,912,894,739,1509,607,1278
56,1994,Nizamabad,390,406,-1,314,-1,856,1344,969,1824,-1,2116
56,1995,Nizamabad,373,-1,-1,-1,-1,-1,-1,-1,-1,-1,-1
56,1996,Nizamabad,401,564,391,387,379,1122,1134,1050,1769,850,1823
56,1997,Nizamabad,452,508,389,400,381,1676,1610,1096,1338,1043,2024
56,1998,Nizamabad,-1,530,524,415,436,-1,1060,1391,2240,1551,1914
56,1999,Nizamabad,523,691,438,421,425,1203,1450,1198,1985,715,1990
56,2000,Nizamabad,521,521,-1,387,451,1450,1323,934,1996,1323,2212
56,2001,Nizamabad,537,527,-1,485,415,1634,1408,1165,1771,811,1705
56,2002,Nizamabad,645,662,474,508,415,1629,1772,1321,1779,829,2031
56,2003,Nizamabad,574,746,544,406,492,1326,1749,1677,1550,792,2469
56,2004,Nizamabad,600,545,454,497,458,1335,1488,1376,2368,1188,1697
56,2005,Nizamabad,530,722,550,504,524,1550,1547,1672,2095,1102,1921
56,2006,Nizamabad,655,616,885,598,555,1704,1884,1832,2546,1051,1869
56,2007,Nizamabad,750,873,1438,682,734,1944,2166,1322,4167,1062,2070
56,2008,Nizamabad,894,959,1741,811,838,1981,2171,2408,3655,1221,2705
56,2009,Nizamabad,952,1256,928,859,1041,1719,4297,2505,3706,1983,3057
56,2010,Nizamabad,906,1897,3526,938,-1,1872,3511,3651,3688,1913,4310
56,2011,Nizamabad,1018,2621,1906,946,-1,3092,2915,4015,6019,2200,3673
56,2012,Nizamabad,1135,1917,3526,1198,-1,3399,3229,4828,3688,2600,3683
56,2015,Nizamabad,1503,1820,1518,1339,-1,4580,-1,4956,6695,3200,4106
56,2016,Nizamabad,1513,-1,-1,1421,-1,-1,4246,4811,-1,-1,4837
520,1993,Rangareddy,339,310,204,251,178,992,-1,806,-1,-1,-1
520,1994,Rangareddy,382,484,272,312,268,899,-1,1098,-1,-1,-1
520,1996,Rangareddy,423,586,382,381,370,1050,1327,1034,1768,850,1769
520,1997,Rangareddy,488,615,422,405,399,1080,1588,1085,1338,1043,1800
520,1998,Rangareddy,-1,462,665,394,436,-1,996,-1,1860,1650,2406
520,1999,Rangareddy,539,749,510,457,425,1298,1576,1138,1687,686,1990
520,2000,Rangareddy,476,596,351,379,451,1264,1485,1178,1845,1485,2212
520,2001,Rangareddy,499,572,380,446,443,1331,1281,1333,1719,811,1705
520,2002,Rangareddy,617,589,484,493,441,1351,1677,1772,1828,829,2031
520,2003,Rangareddy,575,593,458,490,476,1579,1973,1390,1906,776,2322
520,2004,Rangareddy,577,737,485,481,509,1625,1458,1519,1924,1188,1886
520,2005,Rangareddy,582,722,518,527,531,1540,1542,1452,2678,1102,2069
520,2006,Rangareddy,634,716,512,591,543,2263,2064,1645,2099,1051,1961
520,2007,Rangareddy,724,1175,728,672,726,1826,2122,1698,3655,1041,2079
520,2008,Rangareddy,862,1071,779,858,910,2456,2523,2258,3619,2437,2830
520,2009,Rangareddy,908,1244,1112,977,1247,2079,3911,2594,3706,2089,2659
520,2010,Rangareddy,937,1225,978,881,935,2161,3181,3540,-1,1947,4068
520,2011,Rangareddy,1031,2411,748,1047,1076,3263,3619,4288,3582,1915,3684
520,2012,Rangareddy,1275,2517,1069,1279,1261,3253,4556,4345,8512,-1,3515
520,2015,Rangareddy,1494,2591,-1,1377,1575,4536,-1,4889,-1,3000,3861
60,1966,Warangal,54.5,47.5,44,52.8,-1,-1,85.8,102.3,-1,-1,-1
60,1967,Warangal,46.5,58,-1,-1,-1,-1,112.2,117.5,125,-1,-1
60,1968,Warangal,60.1,80,47,40,-1,-1,118,97.3,-1,-1,-1
60,1969,Warangal,48.7,52.7,52,51.2,-1,-1,80,112.7,171.7,-1,-1
60,1970,Warangal,53.9,44.5,46.1,42.3,-1,-1,93.2,106.6,232.9,-1,-1
60,1971,Warangal,72,70.9,79.4,62.4,-1,-1,102,126.9,211.3,-1,-1
60,1972,Warangal,90.3,89.5,82.7,80.3,-1,-1,179.8,158,232.2,-1,-1
60,1973,Warangal,84.5,92.5,72,92.9,-1,-1,130,216.3,315,-1,-1
60,1974,Warangal,108.1,140.1,132.5,126,-1,-1,130,181.3,241.6,-1,-1
60,1975,Warangal,85,78.3,80.6,70.4,-1,133.8,99.9,131,186.7,-1,-1
60,1976,Warangal,90.3,102.9,-1,86.7,-1,149,170.3,233.4,357.6,-1,-1
60,1977,Warangal,96,92.6,95.3,92.7,-1,186.8,184,183.2,322.8,-1,-1
60,1978,Warangal,83.3,76.5,68,82.7,-1,192,242.5,157.8,297.7,-1,-1
60,1979,Warangal,103.9,90.4,78.4,92.4,-1,190.1,268.3,-1,-1,-1,-1
60,1980,Warangal,108.1,97.9,82.6,94.6,-1,-1,277.3,222.3,411.8,-1,-1
60,1981,Warangal,119.9,115.7,100.6,122.5,-1,-1,319,259.5,453.8,-1,-1
60,1982,Warangal,143.2,114.5,98.7,133.9,-1,-1,328.2,284.3,426.5,-1,-1
60,1983,Warangal,148.6,118.8,105.4,141.3,-1,-1,406,311.5,574,-1,-1
60,1984,Warangal,160.7,125.6,126.1,117.1,-1,-1,350.6,319.3,685.1,-1,-1
60,1985,Warangal,169,129.9,130.3,170.5,-1,-1,376.6,339.1,522.1,-1,-1
60,1986,Warangal,168.8,148.3,149,142.9,-1,-1,571.2,413.1,553.7,-1,-1
60,1987,Warangal,187.7,146.8,155.2,197.5,-1,-1,571,587.9,878.1,-1,-1
60,1988,Warangal,209,191,168,214.5,-1,-1,573,517,645,-1,-1
60,1989,Warangal,210.5,193.5,165,214.5,-1,-1,607,577.5,825,-1,-1
60,1990,Warangal,217,208,180,212,-1,-1,775,698,827,-1,-1
60,1991,Warangal,294,296,371,314,-1,-1,844,805,1263,-1,1603
60,1992,Warangal,298,335,-1,329,-1,-1,826,754,1075,-1,-1
60,1993,Warangal,390,268,-1,273,-1,-1,810,765,1091,-1,-1
60,1994,Warangal,397,343,-1,387,-1,-1,-1,946,1207,-1,-1
60,1995,Warangal,421,-1,-1,389,-1,-1,1415,1108,-1,-1,-1
60,1996,Warangal,448,413,386,419,379,1203,1299,1195,1457,850,-1
60,1997,Warangal,472,533,389,421,415,1441,1456,1076,1244,1052,1920
60,1998,Warangal,502,519,374,436,-1,1162,1623,1174,1930,-1,1981
60,1999,Warangal,573,577,438,446,-1,1365,1418,1187,1890,-1,1925
60,2000,Warangal,508,628,418,375,-1,1466,1292,1141,1461,-1,2409
60,2001,Warangal,580,599,380,431,-1,1457,1323,1230,1693,-1,1715
60,2002,Warangal,795,596,484,512,-1,1436,1439,1549,1894,-1,2022
60,2003,Warangal,562,621,529,482,-1,1414,1689,1542,1948,-1,2366
60,2004,Warangal,609,648,516,476,504,1360,1494,1393,2551,1338,1925
60,2005,Warangal,619,775,533,508,524,1700,1551,1548,2193,1325,1915
60,2006,Warangal,666,1068,616,595,555,1943,2037,1764,2252,1148,1936
60,2007,Warangal,807,923,1438,628,734,2447,2075,2047,2141,1222,2037
60,2008,Warangal,993,1216,950,1012,838,2306,2868,2448,3816,1957,2785
60,2009,Warangal,1371,1255,908,822,1041,2405,3728,2865,3706,3007,2896
60,2010,Warangal,981,1282,-1,1031,-1,2808,3107,3181,3283,-1,4373
60,2011,Warangal,1057,2127,-1,1068,-1,2894,2898,2877,3831,-1,3740
60,2012,Warangal,1414,2622,-1,1225,-1,3561,3558,4352,5103,2600,3308
60,2015,Warangal,1424,2550,-1,1296,-1,5043,7997,4248,7936,-1,3921
60,2016,Warangal,1475,-1,-1,1139,-1,-1,4277,4811,-1,-1,4287
