Dist Code,Year,Dist Name,PADDY AREA (1000 ha),PADDY PRODUCTION (1000 Quintal),PADDY HARVEST PRICE (Rs per Quintal),WHEAT AREA (1000 ha),WHEAT PRODUCTION (1000 tons),SORGHUM AREA (1000 ha),SORGHUM PRODUCTION (1000 Quintal),SORGHUM HARVEST PRICE (Rs per Quintal),BAJRA AREA (1000 ha),BAJRA PRODUCTION (1000 Quintal),BAJRA HARVEST PRICE (Rs per Quintal),MAIZE AREA (1000 ha),MAIZE PRODUCTION (1000 Quintal),MAIZE HARVEST PRICE (Rs per Quintal),RAGI AREA (1000 ha),RAGI PRODUCTION (1000 Quintal),RAGI HARVEST PRICE (Rs per Quintal),GRAM AREA (1000 ha),GRAM PRODUCTION (1000 Quintal),GRAM HARVEST PRICE (Rs per Quintal),ARHAR AREA (1000 ha),ARHAR PRODUCTION (1000 Quintal),ARHAR HARVEST PRICE (Rs per Quintal),GROUNDNUT AREA (1000 ha),GROUNDNUT PRODUCTION (1000 Quintal),GROUNDNUT HARVEST PRICE (Rs per Quintal),SESAMUM AREA (1000 ha),SESAMUM PRODUCTION (1000 Quintal),SESAMUM HARVEST PRICE (Rs per Quintal),SAFFOLA AREA (1000 ha),SAFFOLA PRODUCTION (1000 tons),SUNFLOWER AREA (1000 ha),SUNFLOWER PRODUCTION (1000 tons),SUGARCANE AREA (1000 ha),SUGARCANE PRODUCTION (1000 Quintal),SUGARCANE HARVEST PRICE (Rs per Quintal),COTTON AREA (1000 ha),COTTON PRODUCTION (1000 Quintal),COTTON HARVEST PRICE (Rs per Quintal)
63,1966,Adilabad,54,690,43.5,3,1,218.2,1486,54.5,0,0,0,18,140,53.9,0,0,0,6,10,107.2,26,90,114.2,10,40,135,38.1,36,203.6,0.79,0.13,0,0,0.1,9,,70,80,115.3
63,1967,Adilabad,55,590,52.8,0.6,0.1,97.8,553,60,9,20,,6,40,63.5,12,60,,8,20,,8,30,145,7,30,,4.4,4,205,15.64,2.07,0,0,0.8,64,,0.1,0,
63,1968,Adilabad,47.5,400,58.7,0.5,0.1,123.5,458,62.1,0,0,0,74,590,50.6,0,0,0,5,3,78.5,9,30,70.5,25,140,99.5,49.6,38,,0.01,0,0,0,0.4,28,,2,0,126.3
63,1969,Adilabad,58.8,667,49.2,0,0,186.6,991,53.3,4,10,,6,30,51.8,0,0,0,1,2,106.6,7,30,94.2,26,100,94,9.1,8,210.8,0.01,0,0,0,0,0,,0,0,169.7
63,1970,Adilabad,59.7,557,54.5,0.9,0.1,297.9,892,76.4,49,140,,0.1,1,63.4,48,190,,4,10,84.4,16,90,97.3,135,380,126.2,2.8,2,213.2,6.98,1.04,0,0,0,3,,9,0,256.6
63,1971,Adilabad,41.9,334,66.1,3,1,131.5,668,74.4,4,10,,45,260,63.4,10,50,,15,40,90.8,7,30,118.9,7,30,113.3,8.1,6,221.6,11.62,1.73,0,0,6.3,398,,0.2,0,233.2
63,1972,Adilabad,50.7,388,92.2,0,0,219.6,1146,87.8,123,340,,2,10,76.2,1,0,0,2,3,127.6,9,20,163.1,66,350,152.2,4.1,4,285.5,1.24,0.14,0,0,0,0,171.6,2,2,202.6
63,1973,Adilabad,64.9,938,83.5,2.2,0.5,60,367,120.1,0,0,0,33,340,108.1,2,10,,14,40,178,3,10,154.3,11,40,210.5,7,11,376.6,1.83,0.33,0,0,20,1268,,3,2,382
63,1974,Adilabad,64.9,554,109,0.2,0.2,188.9,872,150,17,50,,36,240,121,0,0,0,2,3,180.5,8,30,197,37,170,177.8,12.8,8,360.7,0.03,0,0,0,0,0,,2,2,315.3
63,1975,Adilabad,64.7,814,87.9,3,1,212.7,1245,110.6,0,0,0,18,140,77.8,0,0,0,4,10,117.7,25,130,149,11,70,151.6,36,51,331.1,1.51,0.24,0,0,0.1,9,,76,100,289.6
63,1976,Adilabad,64.5,768,90.1,0.8,0.1,101.2,458,108.4,8,30,,8,90,86.7,11,60,,8,20,146.5,9,40,174.6,7,40,188,5.1,8,388.7,15.51,2.03,0,0,0.7,50,,1,1,494.1
63,1977,Adilabad,65.7,741,,0.4,0.1,121.7,532,104,0,0,0,73,990,90,0,0,0,4,4,175,7,30,273,28,200,,46,41,406,0.16,0.03,0,0,0.2,17,,2,0,455.5
63,1978,Adilabad,68.6,933,,0,0,199.1,820,100,4,10,,6,60,88,0,0,0,2,4,197,7,30,235.8,30,270,,9.8,23,359,0.01,0,0,0,0,0,,0,0,437
63,1979,Adilabad,63,850,,1.3,0.2,296.4,1486,105,54,200,,0,0,93,45,240,,5,10,248,19,80,260,122,670,,2.9,4,,6.6,1.02,0,0,0,3,,11,10,
63,1980,Adilabad,66,970,,3,1,133.3,759,140.5,3,10,,42,360,98,11,70,,20,50,332,6,30,279,8,50,,7.7,10,511,13.81,2.13,0,0,8.7,421,,2,3,506.5
63,1981,Adilabad,71,1040,,0,0,209,523,147.5,125,230,,2,20,126,1,0,0,2,3,272,12,20,307,70,440,,3.3,4,538,1.32,0.06,0,0,0,0,,2,2,560
63,1982,Adilabad,70.6,1037,,2.3,0.4,62.8,358,,0,0,0,34,590,123.5,2,10,,14,40,310.4,3,10,347.1,8,50,,7.3,8,523.5,1.79,0.24,0,0,22.5,1832,,4,3,535.5
63,1983,Adilabad,71.6,990,145.7,0,0,175.7,773,157.1,18,70,,35,230,142,0,0,0,3,10,323.9,8,30,414,39,280,,10.8,13,658,0.09,0.02,0,0,0,0,,2,2,602
63,1984,Adilabad,63.9,703,,2.6,1,216,1140,137.5,0.2,1,,17.9,110,144,0,0,0,4.6,10,448,26.1,160,356,10.5,60,,39.5,65,772,2.15,0,0,0,0.3,27,,81.2,50,592.5
63,1985,Adilabad,70.2,843,,0.9,0.1,108.5,450,167,9,20,,7.4,80,120,13.5,80,,7.8,20,482,11.1,50,340,7.5,40,,3.7,3,640,16.47,2.55,0,0,1.3,110,,0.3,0,522
63,1986,Adilabad,66,850,167,0.4,0.1,114.3,480,180,0,0,0,73.6,930,125,0.1,0,0,4.2,4,480,7.7,40,442,21.5,180,,44,62,738,0.31,0,0,0,0.2,12,,1.5,0,510
63,1987,Adilabad,60,570,,0,0,219,1470,225,3.6,10,,5.7,50,250,0.1,1,,1.1,0,0,5.9,30,504,28.5,210,,8.2,11,940,0,0,0,0,0,0,,0,0,819
63,1988,Adilabad,65.9,835,,1.1,0,320.8,1040,236,57.7,130,,0.1,0,248,53.4,270,,4.6,10,507,19.6,70,506,118.3,510,,3.5,5,940,7.99,1.41,0,0,0.1,4,,10.6,0,773
63,1989,Adilabad,72,1249,,2.9,1,143.9,820,234.5,4.2,10,,44.2,270,239,13.3,50,,19.4,50,536,8,40,530,9.6,50,,8,17,949,14.55,2.01,0,0,12.6,1155,,0.8,1,793
63,1990,Adilabad,68.69,1174.5,,0,0,224.3,720,258,132.1,300,,1.3,10,255,0.5,0,0,1.4,3,,10,30,540,78.6,340,,3.3,5,985,1.87,0.21,0,0,0,0,,1.6,1,850
63,1991,Adilabad,61.87,548.3,214,2.4,0.4,67.7,370,344,0,0,0,36,510,320,2.6,10,,13.3,40,,4.2,20,,8.4,40,873,6.8,9,1462,2.07,0.3,0,0,21,1745,378,3.2,2,1347
63,1992,Adilabad,63.16,1031.4,296,0.3,0.1,184.7,880,240,17.5,60,,40.8,410,258,0.1,0,0,2.5,10,,8.2,40,943,35.9,260,,11,16,1152,0.05,0,0,0,0.1,3,,1.1,1,1055
63,1993,Adilabad,62,1300,344,3.6,1.2,224.6,1171,240,0.3,1,263,18.9,171,229,0,0,0,5.6,13,,29,85,983,13.8,96,,37.8,50,1323,0.79,0.18,0,0,0.4,24,,83,67,1229
63,1994,Adilabad,62,1170,378,1.8,0.3,115.5,649,424,9,34,,7.6,64,354,16.1,107,,8.3,23,,11.8,31,1169,6.4,45,,4,10,2094,17.55,3.07,0,0,1.5,101,,0.4,0,2184
63,1995,Adilabad,70,830,392,0.7,0.2,121.3,558,,0,0,0,79,911,341,0.1,0,0,4.7,5,,7,19,1310,26.4,182,,45.4,61,,0.12,0.02,0,0,0.2,15,,2.3,2,2133
63,1996,Adilabad,64,1450,505,0,0,201.9,1126,466,3.9,13,386,6,59,464,0.1,1,379,1.1,3,1203,8.1,21,1186,39.3,359,1147,9.6,20,1553,0,0,0,0,0,0,850,0,0,1823
63,1997,Adilabad,36,410,490,1.8,0.3,328,1799,474,54.9,181,,0.1,1,438,55.1,216,,4.8,15,1441,23.4,76,1586,127.7,934,1077,3.9,6,1244,9.23,1.8,0,0,0.1,7,1043,10.1,4,2152
63,1998,Adilabad,79,1850,443,3.5,0.9,152.5,889,499,5.5,19,415,44.1,370,427,13.5,66,,18.9,60,1162,8.6,23,1661,8.9,62,1191,7.6,9,2021,13.31,1.88,0,0,10.4,570,981,0.5,1,2262
63,1999,Adilabad,77.37,1890.7,555,0,0,218,589,570,130.7,447,438,1.5,19,449,0.3,3,,1.8,4,1203,13.8,13,1362,74.1,460,1250,4.3,6,1904,2.77,0.37,0,0,0,0,715,2.8,2,2092
63,2000,Adilabad,77.47,1672.6,499,2.5,0.4,64.5,327,479,0,0,0,40.2,862,417,3.1,15,,11.6,29,1450,4.1,11,1380,9.4,67,1882,7.5,8,1627,1.92,0.36,0,0,17.4,1323,629,3.1,1,2071
63,2001,Adilabad,77.14,1737.4,518,0.4,0.1,189.2,1301,477,18.7,68,,39.4,395,477,0.2,1,,2.2,5,1457,10.7,28,1291,42.5,318,1202,11.3,18,1797,0.1,0.01,0,0,0.1,6,811,1.4,1,2071
63,2002,Adilabad,77,1220,550,3,1.8,244.4,982,571,0.2,1,474,19.9,222,489,0,0,0,6.1,19,1629,27.4,120,1356,14.6,106,1321,40,51,1626,1.8,0.5,0,0,0.3,20,829,83.4,74,1902
63,2003,Adilabad,80.92,2007.5,568,1.8,1.4,117.5,489,574,10.4,31,544,8.4,77,470,15.4,65,,7.8,34,1414,12.9,39,1635,8.2,62,1535,6.1,9,1554,17.75,6.76,0,0,1,79,776,0.3,0,2420
63,2004,Adilabad,39.62,628.8,632,0.9,0.5,128,447,501,0,0,0,80.4,1202,470,0.1,1,504,4.6,14,1360,8,24,1359,31.4,266,1376,42.7,48,2557,0.03,0.01,0,0,0.3,23,1188,1.9,1,1932
63,2005,Adilabad,78.75,2007.8,576,0,0,197.7,503,557,2.8,9,697,6.2,40,505,0.2,1,524,1,1,1550,7.8,24,1518,32.4,233,1672,8.6,10,2095,0,0,0,0,0,0,1100,0,0,1879
63,2006,Adilabad,73.76,1778.7,630,1.4,0.6,347.8,1780,570,57.4,266,885,0.1,1,533,49.2,249,555,4.4,12,2073,25.2,50,2094,158.9,1003,1843,4.7,7,2546,7.11,1.79,0,0,0.1,6,1051,8.9,3,1869
63,2007,Adilabad,52.15,1237.2,820,4.4,3,151.5,694,733,4.9,17,1438,49.4,602,690,11.4,56,734,18.3,50,1973,9.7,29,2178,9.6,70,1869,9.1,14,3339,13.69,2.37,0,0,4.9,317,1041,1,1,2190
63,2008,Adilabad,77.29,1983.8,942,0,0,201.9,549,727,137.5,396,1741,1.6,19,816,0.3,2,838,1.5,5,1549,14.1,31,2205,84.4,779,2408,4.8,7,3655,1.57,0.29,0,0,0,0,1221,2.1,1,2898
63,2009,Adilabad,48.12,985,952,2.2,0.8,57.2,162,992,0,0,0,42.1,722,802,3,15,1041,11.8,39,1995,3.5,11,3775,10.5,79,2505,6.4,9,5285,1.73,0.3,0,0,18.2,1507,3007,3.1,2,3094
63,2010,Adilabad,90.55,2551.5,987,0.5,0.1,188,764,822,19,72,3526,39.3,443,878,0.2,1,,2,6,2050,10.3,31,3055,50.1,431,3651,13.7,21,4209,0.02,0,0,0,0,0,2069,1.5,1,4310
63,2011,Adilabad,76.17,1993.3,1038,2.9,1.4,222.2,1222,1275,0.2,0,0,21.8,293,956,0,0,0,5.3,14,2431,28.6,88,3072,15.6,74,4015,43.2,60,4192,1.97,0.54,0,0,0.2,23,,83.1,95,3857
63,2012,Adilabad,70.75,1872.7,1176,3.6,1.7,113.8,378,1330,10.1,14,3526,8,41,1166,8.1,35,,8.5,33,2840,15.4,38,3592,9.4,47,4828,5.8,6,6847,21.42,6.04,0,0,1.1,108,,0.2,0,3962
63,2013,Adilabad,90.69,2489.1,,0.7,0.4,110.2,592,,0,0,0,84,1145,,0.1,0,0,4.7,12,,7.8,17,,34.5,277,,40,35,,0.03,0.01,0,0,0.1,9,,2.9,3,
63,2014,Adilabad,50.08,1261.3,,0,0,204.3,1155,,3.6,6,,7.6,79,,0.1,1,,0.8,2,,8.9,19,,37.9,320,,10.8,12,,0,0,0,0,0,0,,0,0,
63,2015,Adilabad,57.5,1516,,1.1,0.5,338.6,1042,1819,57.6,176,1350,0,0,1339,23.5,98,,4.7,16,4580,24.9,50,7405,202.6,831,4956,3.4,4,6695,7.86,2.32,0,0,0.1,9,,10.5,5,3982
63,2016,Adilabad,95.89,2987.4,,4.7,2.8,137.4,853,,4.6,8,,49.5,254,,6.1,22,,13.3,57,,10.4,23,,10.1,49,,6.4,7,,15.92,4.33,0,0,6,520,,0.5,1,
63,2017,Adilabad,93.67,2498.8,,0.1,0,195.9,341,,132,152,,1.6,16,,0.3,3,,1.3,3,,12.5,17,,91.1,619,,3.3,4,,1.54,0.45,0,0,0,0,,0.9,1,
55,1966,Hyderabad,42,520,48.1,4.8,2.2,71.9,293,54.3,0,0,0,45.9,435,,1.8,7,50.1,12.7,55,,3.8,8,102.5,12.5,75,103.8,4.6,5,180.3,2.58,0.52,0,0,17.5,1748,,2.4,2,
55,1967,Hyderabad,53,820,48.7,0.4,0.1,185.1,873,52,16.2,25,65.4,43.8,579,,0,0,0,1.9,4,,6.6,23,112.9,50.4,460,86.9,9.4,11,143.3,0.08,0.02,0,0,0,0,,1.6,2,
55,1968,Hyderabad,37.9,440,55.9,2.4,0.8,237,1111,60.5,0.3,0,0,23.5,190,,0,0,0,4.8,8,,31.1,99,115,16,57,,52.7,94,,0.6,0.1,0,0,0.1,11,,91.2,78,
55,1969,Hyderabad,41.6,503,53.2,3.4,1.8,123.9,398,58,10.1,15,49,7.2,24,,6.1,12,44.7,6.6,14,96.8,16.3,27,85,9.8,36,,4.6,1,156.5,17,2.7,0,0,1.2,80,60.5,0.2,0,210
55,1970,Hyderabad,51.3,620,56.8,0.9,0.5,116.2,527,68.6,0,0,0,86.3,1020,44.4,0,0,0,9.1,18,97.5,8,15,104.7,34.2,199,121.4,31.4,23,199.3,0.1,0.01,0,0,0.2,14,,2,2,
55,1971,Hyderabad,39.7,500,64.1,0.1,0,211.2,1618,81.5,3.9,5,64.6,7.5,73,,0.2,1,72.4,0.9,2,130.4,8.5,16,112.4,33.3,183,105.7,6.5,6,211.3,0,0,0,0,0,0,,0.1,0,
55,1972,Hyderabad,28,320,82.8,1.3,0.7,308.4,812,100.7,57.3,67,95.9,0,0,,20.8,60,88.6,4.3,9,184,22.9,16,150.8,191,558,206.8,2.9,2,273.5,6.6,2,0,0,0.1,3,,5.2,1,
55,1973,Hyderabad,41.5,840,78.1,3.7,1.6,137.8,402,127.5,5.3,6,110,52,193,94.5,5.3,5,87.8,15.7,34,190,9.3,17,160.3,12.5,45,248.6,5.9,3,383.2,16.1,1.9,0,0,4.7,269,146,0.3,0,
55,1974,Hyderabad,41.8,733,96.5,0.4,0.1,201.8,545,150,136.6,126,145.7,1.7,17,129.9,0.9,9,120.5,1.9,5,209.1,11.7,8,150.9,82.6,355,210.1,2.6,2,425.2,3.9,0.7,0,0,0,0,,0.4,1,955.8
55,1975,Hyderabad,55.1,948,86.1,3,1.8,66.2,299,108.2,0,0,0,47.3,544,75.8,1.8,4,72.9,13,53,137.8,3.7,7,115.9,12.2,44,147.7,3.3,1,327.4,2.5,0.4,0,0,9.5,714,140,1.7,1,
55,1976,Hyderabad,57.6,1015,91.4,0.7,0.2,194.8,1139,121.4,19.2,57,86.6,50.9,746,114,0.1,0,0,2.6,5,147.8,8,19,171,46,382,243.2,9.1,5,385.5,0.1,0.02,0,0,0,0,,1.3,1,
55,1977,Hyderabad,47.7,869,95.6,3.2,1.6,256.2,1377,105.9,0.2,1,,24,289,93,0,0,0,4.7,15,207.8,32.8,72,270.1,18.6,144,,51.5,42,337.9,0.7,0.2,0,0,0.6,12,,95.7,98,
55,1978,Hyderabad,58.3,1155,86.5,3.7,3.2,153.8,665,93.5,11.7,69,,7.5,82,109,8.5,55,68,6.4,26,213,19,42,266,6.7,59,,5.1,6,371,18.2,4,0,0,0.9,28,,0.2,0,
55,1979,Hyderabad,46,840,97.6,0.7,0.5,126,942,96.2,0,0,0,85.6,1370,110,0,0,0,3.9,11,275.1,8.6,17,272,29,292,,34.3,44,442,0,0,0,0,0.3,23,,0.8,1,
55,1980,Hyderabad,41,640,128,0,0,205.6,1401,138,8.3,27,,7.5,109,103,0.2,1,117,0.8,2,390,8.8,17,342.3,30.2,300,,10.3,11,504,0,0,0,0,0,0,,0.2,1,
55,1981,Hyderabad,53,920,133.6,1.5,0.9,397.3,1401,147.7,59.8,124,,0.1,2,139,31.8,188,125,3.9,9,301.7,24.3,44,351,98.1,749,,3.2,4,469,7.5,2.2,0,0,0.1,4,,11,1,401
55,1982,Hyderabad,44.1,715,136,4.6,2,178.7,766,145.5,5.8,19,,45.2,493,142,9.3,58,123,11.9,29,255,12.3,19,351,4.5,36,,6.6,8,544,14.2,2.8,0,0,12.1,856,,0.2,0,
55,1983,Hyderabad,50.8,855,150,0.1,0,205.1,505,178.5,137.7,373,132.9,1.2,17,139,0.3,3,144,1.8,4,302,11.1,15,483,52.9,410,,2.5,3,705,2.8,0.7,0,0,0.1,8,227.9,0.1,0,
55,1984,Hyderabad,45.9,869,139.5,4.1,2.9,77.8,369,143.5,0,0,0,54,860,148,2.4,14,146,11.6,48,427,4.5,9,370,9.9,79,,4.5,5,762,2.6,0.5,0,0,12.8,1052,,2.4,2,
55,1985,Hyderabad,32.3,424,164.8,0.4,0.2,193,1057,161.3,21.9,174,173.5,46.5,831,173.5,0.2,1,130,2.1,7,583.2,9,23,421.3,49.4,524,710,11.6,13,,0.1,0,0,0,0,0,,1.3,1,
55,1986,Hyderabad,22,430,167.1,3.2,1.9,247,1718,179.8,0.2,1,,24,275,175.5,0,0,0,4.7,21,386,32.8,68,454.9,18.6,131,,51.5,57,790.1,0.2,0,0,0,0.2,9,,95.7,112,
55,1987,Hyderabad,31,640,180.7,4.8,4.3,115.2,836,198.3,12.1,76,177.8,8,101,,12.3,89,138.1,7.4,29,465,18.9,67,857.1,8.8,77,,6.2,11,1096.5,23,5.1,0,0,1.2,46,,0.5,1,
55,1988,Hyderabad,44.9,977,185.9,0.5,0.4,114.8,707,220,0,0,0,91,1490,,0,0,0,4.2,18,615.1,7.6,24,739.5,39,336,,16.2,16,871,0.2,0,0,0,0.1,8,,1.1,1,
55,1989,Hyderabad,54.2,1309,,0,0,199,1555,,11.4,42,,7.9,124,,0.2,2,,0.6,2,,10.5,46,,34.5,238,,13.5,29,,0,0,0,0,0.1,1,,1.3,2,
55,1990,Hyderabad,51.19,1408.8,237,1.6,0.8,336.9,1714,214,63.5,231,,0.1,2,220,33.4,226,166,3.5,9,1034,26.7,49,1025,107,980,,2.6,3,1005,8.8,2.2,0,0,0.1,5,,7.4,9,
55,1991,Hyderabad,60.18,1334.2,318,4.2,3.4,162.9,1158,361,7,25,,51.9,649,298,9,39,242,15.4,89,734,9.3,27,1048,5.2,42,965,7.4,11,,13.1,3.2,0,0,7.4,574,378,0.8,1,1385
55,1992,Hyderabad,43.73,919.3,312,0.1,0,174.5,422,301,131.4,361,266,1.6,24,266,0.5,6,254,1.2,3,,10.8,9,1035,56.9,463,764,1.8,2,,2.7,0.7,0,0,0,0,,2.3,3,
55,1993,Hyderabad,39,880,339,3.4,3.1,57.8,437,310,0.2,1,204,49.4,1043,251,2.2,14,178,11.4,30,992,3.7,9,,13.1,107,806,3.9,1,,2.5,0.6,0,0,19.2,1623,,3.5,4,
55,1994,Hyderabad,35,810,382,0.4,0.3,177.9,1252,484,23.7,177,272,50.9,923,312,0,0,0,2,5,899,9.5,22,,49,490,1098,13.1,15,,0.1,0,0,0,0,0,,2,2,
55,1995,Hyderabad,40,820,,4.6,2,255.6,889,,0.3,1,,24.7,321,,0.1,0,0,6.2,25,,28.7,50,,13.8,96,,23.9,26,,0,0,0,0,0.6,43,,88.8,41,
55,1996,Hyderabad,48,1100,423,4.8,5.2,117.3,701,586,11.6,43,382,9.2,104,381,15.2,116,370,9.6,40,1050,21.1,61,1327,5.1,41,1034,3.5,6,1768,7.5,1.7,0,0,1.7,136,850,0.2,0,1769
55,1997,Hyderabad,40,920,488,0.7,0.6,122.1,666,615,0.1,0,0,91.8,1749,405,0,0,0,4.6,19,1080,10.3,20,1588,20.2,180,1085,9.7,11,1338,0,0,0,0,0.1,8,1043,0.1,0,1800
55,1998,Hyderabad,60,1320,,0,0,176,928,462,15.4,51,665,6.6,105,394,0.2,1,436,1.2,5,,10.2,34,996,18,181,,4,8,1860,0,0,0,0,0.1,4,1650,0.2,0,2406
55,1999,Hyderabad,53.25,1162.2,539,1.2,1,335.5,1114,749,63.7,147,510,0.1,2,457,50.7,362,425,3.9,11,1298,29,37,1576,92.7,715,1138,0.8,1,1687,4.8,1.2,0,0,0.1,8,686,1.7,2,1990
55,2000,Hyderabad,58.1,1482.2,476,5.3,4.1,146.2,705,596,6.8,23,351,59.2,665,379,11,71,451,22.8,90,1264,13.1,34,1485,4.7,38,1178,4.8,2,1845,9.9,3.3,0,0,8.2,637,1485,0.3,1,2212
55,2001,Hyderabad,46.72,1241,499,0,0,160.7,367,572,135.4,424,380,1.5,23,446,0.1,1,443,1.6,6,1331,10.6,20,1281,42.3,567,1333,1.4,2,1719,1.3,0.3,0,0,0,0,811,0.1,0,1705
55,2002,Hyderabad,30,600,617,4.5,5,53.9,126,589,0.6,2,484,53.8,966,493,2.4,17,441,10.8,44,1351,3.6,8,1677,14,108,1772,1.7,1,1828,1.4,0.3,0,0,18,1585,829,1.2,1,2031
55,2003,Hyderabad,36.3,855.5,575,0.6,0.5,158.8,766,593,26.9,181,458,45.7,853,490,0.1,1,476,1.8,7,1579,8.9,19,1973,24,225,1390,7.8,10,1906,0.1,0,0,0,0,0,776,0.8,1,2322
55,2004,Hyderabad,29.99,786.2,577,3.7,1.5,253.6,1317,737,0.2,0,0,24.1,203,481,0,0,0,3.9,9,1625,27,42,1458,9.9,27,1519,10,4,1924,0.1,0,0,0,0.8,66,1188,79.4,42,1886
55,2005,Hyderabad,40.26,1121.5,582,5.7,3.6,98.7,607,722,9.5,27,518,8.8,117,527,17.6,80,531,9.2,39,1540,16.7,14,1542,4.2,28,1452,2.8,2,2678,2.7,0.2,0,0,1.3,108,1102,0.1,0,2069
55,2006,Hyderabad,31.05,828.1,634,0.6,0.3,101.4,344,716,0,0,0,88.7,1101,591,0,0,0,3.2,10,2263,8.4,7,2064,15.5,112,1645,6.5,3,2099,0.1,0,0,0,0.1,11,1051,0.3,0,1961
55,2007,Hyderabad,30.4,770.2,724,0,0,167.5,916,1175,6.8,11,728,5.2,48,672,0.1,1,726,1.5,4,1826,8.2,17,2122,13.7,121,1698,1.3,1,3655,0,0,0,0,0.3,3,1041,0.2,0,2079
55,2008,Hyderabad,32.1,920.2,862,1.5,0.6,279.3,860,1071,52,87,779,0.1,1,858,63.2,310,910,3.9,16,2456,21.9,9,2523,72.9,333,2258,0.5,0,3619,2.2,0.4,0,0,0.2,11,2437,1.8,5,2830
55,2009,Hyderabad,35.36,926.6,1139,4.4,2.7,131.5,959,1114,6.8,11,908,58.5,409,867,10.3,45,1041,18.3,47,2116,9.5,18,3817,2.8,15,2658,2.8,1,3706,3.2,0.5,0,0,9.3,788,3007,0.1,0,2965
55,2010,Hyderabad,52.36,1361,,0,0,123.3,260,,125.2,175,,2.1,19,,0.1,2,,2.5,7,,9.3,2,,52.8,630,,1.4,1,,0.6,0.1,0,0,0.2,14,,0.3,0,
55,2011,Hyderabad,43.67,1031,,2.3,1,51.7,284,,0.6,1,,52.5,499,,2,10,,9.6,19,,3,3,,8.8,41,,0.7,0,,0.5,0,0,0,22.8,1970,,0.9,1,
55,2012,Hyderabad,40.91,984,,0.5,0.3,108.3,536,,23.2,51,,43,504,,0.2,1,,1.8,5,,8.6,13,,12.6,109,,3.4,3,,0.3,0.1,0,0,0,0,,0.9,1,
55,2013,Hyderabad,45.04,1028.7,,3,1.3,247.5,1352,,0.1,1,,23.4,278,,0,0,0,4.3,15,,28.5,52,,7.3,45,,17.8,18,,0.1,0,0,0,1.6,166,,96.7,89,
55,2014,Hyderabad,34.88,912.1,,5.2,3.2,119,880,,9.4,35,,8.3,77,,16.9,96,,6.8,26,,15.4,32,,4,28,,3.3,4,,3.8,0.8,0,0,1.9,200,,0.2,0,
55,2015,Hyderabad,24.28,614.1,,0.5,0.3,111.9,755,,0,0,0,93.1,1543,,0,0,0,3.2,11,,9.5,10,,20.3,127,,13.9,5,,0,0,0,0,0.3,31,,0.3,0,
55,2016,Hyderabad,41.22,1178.3,,0,0,148.4,970,,6.2,52,,5.3,58,,0,0,0,1,3,,7.7,12,,18.2,157,,2.1,4,,0,0,0,0,0.5,30,,0.2,0,
55,2017,Hyderabad,50.34,1502,,1.5,0.6,317,1730,,64.6,325,,0.1,1,,58,351,,3.5,11,,28.4,43,,90.4,590,,2,2,,3.1,0.7,0,0,0.3,3,,6.7,19,
62,1966,Karimnagar,150,2000,47.4,3.7,2.2,157.4,1202,58.5,5.9,23,,59,577,57.5,10.5,52,,15.3,39,137.3,9.9,11,,2,12,,3.5,4,203.5,3.5,0.7,0,0,12,1406,,0.2,0,
62,1967,Karimnagar,137,1600,51.8,0.1,0,148.9,401,61.3,118.8,289,,2.2,33,62.2,0.2,3,,2,6,102.4,9.5,8,,53,646,,2.4,2,164.8,0.8,0.1,0,0,0.9,99,,0.2,0,
62,1968,Karimnagar,54.1,550,58.9,3,1.1,51.9,271,63.1,0.8,3,,55.2,1166,57.9,2.6,15,,9.5,29,90.6,3.4,5,,6.7,45,,1.7,2,,0.1,0,0,0,19.2,2035,,2.3,2,
62,1969,Karimnagar,113.2,1481,56.2,0.4,0.2,152.2,924,56.1,22.2,173,,45.5,803,52.3,0.1,1,,2.4,8,103.6,10.3,10,,18.5,169,,6.8,5,208,0.4,0,0,0,0,0,,2.6,3,
62,1970,Karimnagar,126.3,1651,48.4,3.4,1.4,238.9,1280,47.6,0.1,0,0,22.5,259,47.8,0,0,0,3.9,13,89.8,28.5,68,92.9,4.6,24,124.6,23.7,19,161.4,0,0,0,0,1.1,92,,110.7,89,
62,1971,Karimnagar,68,969,70.1,5.4,3.4,127.6,826,78.7,9.9,43,,9.8,72,62.9,17.2,124,,5.7,23,94.3,19.4,26,105.8,6.3,59,113.5,4.1,4,216.1,9.3,1.6,0,0,1.6,139,,0.2,0,
62,1972,Karimnagar,91.8,1295,90.8,0.5,0.3,96.8,438,90.5,0.1,0,0,93.4,1164,81.9,0,0,0,2.8,11,,7.6,16,159.5,23.1,134,146,9.6,5,257.1,0,0,0,0,0.3,29,,0.1,0,
62,1973,Karimnagar,157.1,2954,81.2,0,0,173.5,1315,103.6,6.8,42,,5.8,48,100,0.1,1,,0.8,2,213.8,9,35,147.9,22.9,208,232.5,3.3,3,345.3,0,0,0,0,0.2,14,,0.2,0,
62,1974,Karimnagar,134.9,2453,110,1.2,0.6,324.3,1978,143.6,52.9,176,,0.1,1,96.8,55.7,361,,3.1,11,182.2,29,42,162.4,118.3,944,199.6,2.5,2,335.8,2.6,0.6,0,0,0.4,25,,9.7,23,
62,1975,Karimnagar,156.3,2872,85.3,4.5,2.8,146,604,93.1,6.4,18,,61.6,368,71.2,9,45,,14.3,19,137.4,9.5,12,144.6,2.6,18,,3.8,2,316.4,5.4,1.2,0,0,10.3,597,,0.4,0,
62,1976,Karimnagar,164.2,2701,90,0.1,0,158.9,512,103.9,116.1,259,,1.4,14,92.4,0.3,3,,1.9,4,147.5,11.6,16,,53.4,606,,1.9,1,406,0.6,0.1,0,0,0.4,29,,0.5,1,
62,1977,Karimnagar,136.4,2299,89.3,3.2,1.9,51.7,210,90,0.9,3,,57.4,825,91.4,2.6,17,,9.4,14,207,2.8,5,,9.9,96,,1.8,1,395.7,0.8,0.1,0,0,15.6,1593,,4.7,4,
62,1978,Karimnagar,185.9,3794,79.5,0.4,0.2,152.4,698,77.1,24.6,76,,48.5,673,77.6,0.1,1,,1.4,3,218.5,10.1,20,244.1,35.7,371,,9.2,6,417.9,0.3,0,0,0,0,0,,1.9,2,
62,1979,Karimnagar,147,2900,96.9,2,1,243.8,1577,97.3,0.1,0,0,23,220,100,0,0,0,4.3,16,221.8,29.7,83,271.1,2.4,13,,39.4,45,,0,0,0,0,0.8,77,,117.5,115,
62,1980,Karimnagar,145,3380,108.9,4,3,107.4,772,107,7,40,,6,40,104.5,7.4,45,,6.3,27,340.1,17.9,39,273.2,5.5,41,,4,4,541.8,7.6,1.4,0,0,1.2,116,,0.2,0,
62,1981,Karimnagar,170,4020,111.5,0.5,0.2,78.7,424,106,0,0,0,85,1200,109,0,0,0,3.1,13,311.4,6.5,9,293.8,20,130,,10.2,9,509.6,0,0,0,0,0.2,25,,0.1,0,
62,1982,Karimnagar,171.1,4042,127.3,0,0,207.6,2017,114,4,20,,3,30,131.1,0,0,0,0.9,2,297.1,7.7,23,339.7,19.8,169,,3.2,3,611.8,0,0,0,0,0.2,12,,0.2,0,
62,1983,Karimnagar,187.5,3731,145.7,1,1,317.8,1683,138.5,49,100,,0,0,132.9,28.8,144,,3.4,13,328.6,30.3,56,399,143.6,892,,2.5,2,579,2.7,0.5,0,0,0.3,21,,10.3,30,
62,1984,Karimnagar,169.8,3908,136.5,4,2,140.9,1106,125.5,6,20,,60,610,120.3,6.6,38,,15.8,23,407.3,10.6,20,,2.3,13,,3.7,2,712.3,5.2,1.4,0,0,8.3,840,,0.5,1,
62,1985,Karimnagar,144.5,3007,152.3,0.1,0.1,151.9,698,126,82,180,,1,10,161.9,0,0,0,2.1,5,349.8,8.8,12,326.2,67.1,632,,1.9,1,686.6,0.9,0.1,0,0,0.5,54,,0.6,1,
62,1986,Karimnagar,126,2770,152.8,2,1,53.1,484,131.5,0.2,1,,57,1000,181.5,1.8,9,,8.9,9,381.6,3.3,8,337.3,8.5,67,,1.8,1,851.8,0.9,0.1,0,0,14,1576,,5,6,
62,1987,Karimnagar,152,3600,179.6,0.5,0.3,175.8,1270,152.9,19,120,,41,650,185.2,0,0,0,1.5,4,430.1,7.4,23,623.2,35,314,,10,13,1334.5,0,0,0,0,0,0,,2.1,2,
62,1988,Karimnagar,214.4,5020,194.3,2.7,2,219.3,901,173.4,0.1,1,,23,360,206.1,0,0,0,3.1,11,622.6,33.3,63,529,1.5,6,,25.2,35,1203.4,0,0,0,0,0.9,92,,120.6,191,
62,1989,Karimnagar,229.7,6383,187.3,3,2,125.4,858,179.3,7,30,,10,200,196.8,11.2,87,,4.5,20,607,19.7,37,575,5.4,27,,4.4,5,1097,8.1,1.5,0.1,0,1.3,139,,0.2,0,
62,1990,Karimnagar,238.92,6479.7,213,0.4,0.3,89.6,576,188,0,0,0,88,1661,212,0,0,0,2.2,9,740,7.6,13,893,19.6,113,759,6.4,4,,0,0,0,0,0.4,30,,0.2,0,
62,1991,Karimnagar,215.6,5486.4,259,0,0,202.4,1207,345,6,70,,5,60,287,0,0,0,0.7,2,,13,41,1024,19.4,169,911,3.5,3,,0,0,0,0,0.2,14,378,0.2,0,1213
62,1992,Karimnagar,176.92,4198,294,1,1,316.6,1726,,48,210,,0.3,4,242,34.6,192,,2.4,9,877,32.4,55,,151,919,839,2.7,2,,2.1,0.4,0.1,0,0.3,25,,10.5,50,1018
62,1993,Karimnagar,148,3800,333,3,2,150.2,1018,,6,30,,65,990,341,7.1,47,,11.4,16,936,12.8,25,,2.2,8,719,4,2,,6.4,1.4,0.5,0.3,10.1,882,,0.5,1,
62,1994,Karimnagar,158,4370,369,0,0,125.2,381,,112,400,,1,20,371,0.1,2,,1.5,4,895,12,18,1310,45.3,280,946,2.1,2,,0.4,0.1,0.1,0,0.6,63,,0.6,1,1944
62,1995,Karimnagar,192,5120,400,2,1,51.2,289,,1,10,361,60,1590,361,2.2,14,,6.4,6,,3.4,7,,8.4,44,1046,1.9,2,,0.8,0.1,0,0,16,1675,,5.2,4,1859
62,1996,Karimnagar,230,7180,407,0.4,0.2,130.1,957,499,21,140,386,47,910,388,0,0,0,1.1,3,1175,9.1,16,1325,30.2,313,1090,14.6,15,1452,0.1,0,0,0,0,0,850,2.1,4,1916
62,1997,Karimnagar,171,4740,461,2,1,225.9,1108,470,0.1,1,395,24,300,391,0,0,0,3.1,11,1441,34.2,37,1456,1,3,1077,23.5,32,1244,0,0,0,0,0.9,87,1043,136.1,184,2062
62,1998,Karimnagar,258,8360,448,4,4,128.5,821,513,7,40,415,9,90,437,13.6,99,,4.6,20,1157,20.7,44,1551,5.9,54,1137,4.1,5,2021,8.1,1.6,0.2,0,2.3,217,981,0.2,0,2062
62,1999,Karimnagar,232.54,7241.2,534,0.5,0.4,87.5,534,570,0,0,438,98,2360,452,0,0,0,2.2,9,1365,7.7,15,1362,21.3,166,1198,6.4,5,1904,0,0,0,0,2,183,,0.2,0,1883
62,2000,Karimnagar,271.34,8854,490,0,0,184.6,1214,479,7,50,,7,80,366,0,0,0,0.7,2,1466,14,48,1380,21.2,190,1233,3.3,3,1627,0,0,0,0,0.1,6,629,0.2,0,2138
62,2001,Karimnagar,244.36,7613.3,527,1,1,334.9,1734,559,43,150,,0.1,2,470,42.3,335,,2.5,9,1457,35.2,65,1291,167.2,1281,1293,2.5,2,1797,2.8,0.3,0.3,0.1,0.1,6,811,11.9,48,1697
62,2002,Karimnagar,182,4980,552,3,2,164.2,735,534,6,20,474,65,800,506,6.7,48,,11.5,16,1436,14.5,17,1439,2.4,17,1607,3.7,2,1795,7.5,1.7,1.9,1.1,12.9,1050,829,0.5,1,2022
62,2003,Karimnagar,187.58,6020.5,573,0,0,122.9,312,586,117,620,544,2,30,493,0.3,3,,1.5,4,1260,13.4,43,1685,49.3,252,1446,1.9,1,1562,0.7,0.1,0.2,0.1,1.1,103,776,0.6,1,2334
62,2004,Karimnagar,83.64,1983.7,592,2,1,54.5,333,541,2,10,454,62,1330,507,1.7,13,504,6.5,6,1360,4,8,1352,9.1,87,1593,1.8,2,2551,0.9,0.1,0.5,0.3,22.6,2214,1188,5.8,6,1881
62,2005,Karimnagar,266.4,9123.1,611,0.2,0.2,147.5,650,584,20,180,740,49,810,522,0,0,0,1.1,3,1572,11.7,41,1506,46.5,434,1581,15.8,16,2193,0,0,0.6,0.3,0,0,1100,2.4,4,2087
62,2006,Karimnagar,333.51,10695.6,622,2.4,1.7,215.5,1134,775,0.6,2,885,23,299,614,0,0,0,4.1,21,2154,35.3,46,2001,0.1,1,2033,22.1,24,2252,0,0,0,0,1,77,1178,127.4,159,1980
62,2007,Karimnagar,281.88,9855,747,4.2,3.9,102.9,601,1281,7.3,26,1438,9,161,652,13.2,78,734,6,37,2070,19.2,41,2000,7.5,58,2152,3.8,4,4167,9,2.2,0.1,0,2.3,188,1050,0.2,0,2325
62,2008,Karimnagar,335.96,11760,897,0.4,0.3,64.5,486,936,0,0,0,94,2472,769,0,0,0,2.9,18,2143,7,50,2820,27.3,270,2283,4.9,3,3655,0,0,0,0,1.3,104,1301,0.2,0,2837
62,2009,Karimnagar,162.33,5133.9,997,0,0,144.3,1214,898,5.4,66,928,6,102,828,0,0,0,0.9,3,2217,15,17,3425,27.1,263,2606,3.1,2,4487,0,0,0,0,0,1,2200,0.2,1,3027
62,2010,Karimnagar,381.52,13518.6,982,1.3,0.5,336.8,1560,1165,45.1,151,3526,0.3,10,990,45.2,300,,3.2,17,2592,35,40,3172,177,1157,3645,2.4,1,3908,3.5,0.6,0,0,0.1,7,2069,11.1,42,3871
62,2011,Karimnagar,343.38,11200.5,1080,2.8,2,135.8,1048,1930,5.5,20,,71,1175,1041,6.3,39,,15,31,3095,13.4,35,2801,3.1,18,4211,3.5,1,5155,8.6,3,1.9,0.9,13.8,1009,2200,0.5,1,3540
62,2012,Karimnagar,289.43,10268.8,1263,0,0,125.2,472,2717,112.7,397,3526,2,52,1230,0.1,0,0,2,7,3399,14.5,17,3181,50,469,4823,1.8,1,6923,1.2,0.2,0.1,0.1,1.3,100,2600,0.6,1,3738
62,2013,Karimnagar,417.91,15008.4,,2.8,1.6,52.3,382,,1.3,6,,65,1789,,1.7,11,,8.5,12,,3.9,7,,11.7,93,,1.7,1,,1,0.1,0.4,0.2,23.5,1988,,5.4,4,
62,2014,Karimnagar,278.43,9909.6,,0.3,0.3,136.5,841,,20.1,158,,45,884,,0,0,0,1.5,5,,9.5,17,,63.5,671,,16.9,21,,0,0,1.3,0.6,0,0,,2.2,3,
62,2015,Karimnagar,170.4,5539.6,1404,2,1.2,216.2,817,,0.6,2,,22,236,1366,0,0,0,3.6,19,4066,35.3,61,7293,1,7,5007,22.1,24,6695,0,0,0,0,0.3,20,2900,137.2,259,3980
62,2016,Karimnagar,369.13,14573.7,,3.8,3.1,127.1,774,,7.4,58,,9,86,,15.1,100,,5.4,33,,20.8,33,,8.1,86,,3.8,4,,11.8,2.9,0.7,0.2,1.8,127,,0.2,1,
62,2017,Karimnagar,353.68,11820.7,,0.3,0.2,57.6,289,,0,0,0,89,1868,,0,0,0,2.6,16,,7,10,,36.3,398,,3.5,2,,0,0,0,0,0.9,62,,0.2,0,
61,1966,Khammam,100,890,41.6,0,0,84.7,538,58.2,5,35,,6,94,53.9,0,0,0,0.8,3,,18.3,60,77,29.3,304,94.8,3.1,2,111.5,0,0,0,0,0.4,25,,0.2,1,
61,1967,Khammam,101,1270,44.9,1.2,0.5,324.2,1336,58.5,39.3,137,,0.6,9,53.6,50.7,286,,2.9,15,,35.8,52,115.6,151.3,1019,111.9,2.4,1,139,6.8,1.1,0.9,0.4,0,2,,12,68,
61,1968,Khammam,57.1,520,54,2.9,1.5,158.1,698,56.5,4.8,13,,73,553,65.8,6.1,20,,13.4,27,,11.8,25,86.3,3.4,27,89.5,3.5,1,,7.7,1.9,2,1,12.5,774,,0.5,1,
61,1969,Khammam,101.8,1559,55,0,0,139.3,542,57.4,106,431,,1,17,53.6,0.2,3,,1.8,6,,15.5,30,97.7,54.1,581,121.5,1.8,1,170.8,1.5,0.3,0,0,0.5,34,,0.6,1,
61,1970,Khammam,101.5,1349,53.4,2.7,2,42.7,160,59.4,1.4,6,,68,1051,49.1,1.3,7,,7.6,11,,3.1,6,92.9,12.6,139,124.3,1.7,1,161.4,0.9,0.7,0.3,0.1,18,1249,,5.9,0,
61,1971,Khammam,51.3,490,64.5,0.3,0.2,144.8,686,75.5,18.6,83,,46,621,84,0,0,0,1.3,5,,9.9,19,105.8,68,698,113.5,20,12,216.1,0,0,0.1,0.1,0,0,,2.4,5,
61,1972,Khammam,57.8,577,77.6,2.3,1.4,215,1322,74,0.1,1,,22.3,180,87.2,0,0,0,2,3,,31.9,43,159.6,0.6,3,146,19.5,14,257.1,0,0,0,0,0.4,33,,134.7,120,
61,1973,Khammam,91.9,1271,74.6,3.7,3.2,124.4,882,102.2,7.3,16,,9.1,71,86.5,13.7,142,,5.3,21,,19.5,54,147.9,7.5,52,232.5,5,5,345.3,11.6,2.9,0.3,0.1,2.1,172,,0.1,0,
61,1974,Khammam,85.4,1165,106.4,0.4,0.3,46.6,217,143.6,0,0,0,85,1966,96.8,0,0,0,1,5,,6.3,9,162.4,40,290,199.6,2.3,1,335.8,0,0,0,0,0.6,44,,1.8,2,
61,1975,Khammam,109.7,1974,84.4,0,0,111.7,762,97,4,9,,5.2,77,85.8,0,0,0,0.2,1,,13.7,49,,26.4,251,150.8,5.5,5,248.8,0,0,0,0,0.4,33,,2.6,3,
61,1976,Khammam,106,1157,84,1,0.5,255,978,99.6,31.7,62,,0.5,6,81.6,43.3,228,,2.4,9,,34.6,48,181.2,171.6,784,214.7,2,1,337,4.9,0.9,0.9,0.2,0,3,,7.5,17,
61,1977,Khammam,85.2,738,102.8,1.8,0.7,140.4,768,103.8,1.2,3,,68.4,456,,5,20,,11.3,22,,10.7,35,260.8,4.1,26,,3.1,1,285.8,6.5,1.3,1.5,0.1,12.5,854,,0.5,1,
61,1978,Khammam,115,1998,89.4,0,0,124.7,458,95.5,84.6,184,,1.1,14,,0.1,2,,1.1,1,,14.2,28,195.5,58.3,553,,1.4,1,354.5,1.2,0.2,0.4,0,0.5,39,,3.8,5,
61,1979,Khammam,47,590,98.9,2.4,2.3,43.6,310,89.4,1.9,6,,59.3,1003,,1.4,8,,4.9,3,,3.6,8,251.9,11.6,96,,2,1,340.8,1.2,0.1,0.3,0,16.8,1385,,4,4,
61,1980,Khammam,117,1560,120.1,0.1,0.1,122.4,533,113.4,17.8,43,,39.8,486,,0,0,0,0.7,2,,8.6,27,356,74.9,577,,19.4,10,441,0,0,0.1,0,0,0,,12.3,72,
61,1981,Khammam,125,2510,124,2.3,1.5,227,1277,137,0,0,0,23.1,218,,0,0,0,2.2,3,,32.3,94,356,0.8,4,,21.8,30,441,0,0,0,0,0.5,35,,141.4,133,
61,1982,Khammam,128.7,2387,139,2.5,1.7,107.8,871,125.5,4.9,19,,8.1,46,,12,88,,2.7,11,,24.2,185,329,5.3,36,,4.4,12,603,10.3,2.5,0.3,0.1,0.8,61,,0.4,1,
61,1983,Khammam,135.5,2521,150.7,0.3,0.2,36.6,222,151.5,0,0,0,83.4,1802,133.3,0,0,0,0.7,3,,4.9,12,399,31.2,287,,3.9,4,564,0,0,0,0,0.7,46,,7.6,12,
61,1984,Khammam,77,1062,153,0,0,85.9,623,145,4.1,16,,5,73,,0,0,0,0.2,1,,15.8,79,345,29.1,328,,5.9,7,659,0,0,0,0,0.6,42,,9.8,16,
61,1985,Khammam,136.4,2409,158,0.7,0.3,280.7,1317,155,36.4,74,,0.7,12,,44.5,253,,2.2,7,,34.9,51,310,152.3,746,,1.5,2,618,3.3,0.7,0.9,0.3,0,2,,8.4,14,
61,1986,Khammam,129,2150,196.4,2.9,1.4,153.6,929,144,4.4,17,,70.1,645,,3.9,16,,13.7,27,,13.7,35,475,3.4,22,,3,2,740.5,8.1,1.7,1.3,1.6,13.3,931,,0.4,1,
61,1987,Khammam,100,1710,193,0,0,120.6,557,136.5,85.1,388,,1.1,13,,0.1,2,,0.6,1,,15,50,665,42.7,348,617.7,2,3,870,1,0.2,1.3,0.6,0.6,43,,6,10,778
61,1988,Khammam,154,3786,209,2.5,1.9,39.7,210,217.6,1.6,6,,68,1208,,1.3,7,,4.9,10,,3,11,706.8,6.3,57,558.5,1.5,2,737.5,1.5,0.5,0.6,0.2,13.4,1030,,4.3,6,803.5
61,1989,Khammam,162.2,3821,193.3,0.1,0,87.8,437,235.6,14.5,75,,38,560,,0,0,0,0.4,1,,7.3,35,638.5,57.3,511,662.8,21,29,845.7,0,0,0,0,0,0,,26.7,118,764.3
61,1990,Khammam,165.49,3756.7,211,3,1,197.6,1048,213,0,0,0,24,210,,0,0,0,2,2,,34,60,818,3,20,856,22.9,22,1100,0,0,0,0,0.5,29,,127,60,875
61,1991,Khammam,160.04,3636.2,321,1,1,98.6,952,336,3,10,,6,40,298,10,60,,4,20,,25,130,900,4,20,1015,2.3,3,1513,6.6,2,0.1,0,0.6,41,378,1.5,2,1603
61,1992,Khammam,148.9,2944.2,315,0.2,0.1,31.4,285,,0,0,0,78,1580,,0,0,0,1,3,,5,10,940,29,140,858,3.9,5,1244,0,0,0,0,1.1,71,,6,10,1032
61,1993,Khammam,145,3630,366,0,0,90.6,605,280,4,10,280,6,90,,0,0,0,0.1,0,0,16,90,935,31,390,890,5.8,7,1231,0,0,0,0,0.5,34,,9,10,1352
61,1994,Khammam,171,4520,366,0.6,0.3,240,1175,395,25,90,,0,0,311,30,190,,3,10,,33,120,1132,114,510,1030,1.5,1,1370,4.9,1.1,0.5,0.2,0,0,,6,10,2325
61,1995,Khammam,129,3040,391,2,1,137.1,708,,3,10,,75,600,373,4,10,,11,30,,13,30,1658,4,30,1040,3.3,3,,8.2,2.6,1.3,0.4,11.7,698,,1,1,2006
61,1996,Khammam,183,4760,390,0,0,115.8,466,510,65,240,386,1,20,365,0,0,0,0.4,1,1203,13,30,1240,44,460,1227,1.2,1,1504,0.4,0.1,0.7,0.2,0.5,31,850,5,10,1694
61,1997,Khammam,130,2690,421,2,1,41.1,222,497,0.3,1,389,66,1220,391,0,0,0,4,20,1441,3,10,1652,4,50,1173,1.3,2,1432,1.3,0.2,1.2,0.6,10.5,760,1043,5,3,1920
61,1998,Khammam,186,5080,465,0.1,0.1,77.5,282,470,11,50,394,40,460,460,0,0,0,1,0,0,5,10,1623,63,370,1198,21,20,1983,0.1,0,0.1,0,0,0,981,34,150,1888
61,1999,Khammam,177.52,4000.1,492,2.7,0.3,203.3,1007,593,0,0,0,24,190,415,0,0,0,2,0,0,35,40,1450,2,10,1153,24.5,16,1959,0,0,0,0,1,71,715,140,100,1841
61,2000,Khammam,183.31,5043,511,2,1,125.7,1009,613,4,10,418,6,60,358,8,80,448,5,10,1466,32,70,1308,5,40,1157,2.3,3,1461,7.3,1.5,2.4,0.7,2,142,1426,6.5,10,2283
61,2001,Khammam,138.26,3926.3,520,0.3,0.1,31.5,205,558,0,0,0,83,1870,443,0,0,0,1,2,1525,6,10,1360,51,460,1229,3,3,1744,0,0,0,0,0.8,57,811,15,20,1790
61,2002,Khammam,104,1810,609,0,0,77.3,684,596,3,10,479,7.5,121,453,0,0,0,0.1,0,0,22,70,1450,44,460,1549,5.5,9,1898,0,0,0,0,0,0,829,12,40,2022
61,2003,Khammam,142.11,4124.8,536,1,1,197.2,1101,447,33,120,465,0.4,10,495,26,160,467,3,10,1414,40,30,1463,103,590,1420,3.8,3,1862,2.9,0.9,1.4,0.3,0.2,14,776,13,20,2169
61,2004,Khammam,162.6,4740.9,593,3,1,147.9,1050,648,4,10,516,71,730,491,3,20,505,11,20,1604,18,10,1426,3,20,1455,2.8,4,2438,6.3,1.3,4.2,0.8,12.9,856,1188,2,3,1834
61,2005,Khammam,200.09,5309.6,664,0.1,0,122.4,393,702,79,180,662,1,10,507,0,0,0,0.4,0,0,17,20,1500,55,350,1642,1.9,2,2261,0.5,0.1,2.1,0.8,0.1,7,1100,6,10,1971
61,2006,Khammam,178.2,4481.2,633,2,1,42.9,330,780,2,10,616,64,1150,604,1,10,521,4,10,1943,4,10,1999,7,50,2200,1.1,1,2239,1,0.2,1.8,0.4,10.4,791,1178,5,6,1999
61,2007,Khammam,176.28,5482,813,0,0,82.5,601,876,10,40,742,28,520,625,0,0,0,1,0,0,9,2,2160,67,610,2078,24.1,26,3105,0,0,0.1,0,0,0,1041,38,140,1915
61,2008,Khammam,194.8,5956.1,1017,2.8,1.1,186,548,1116,0,0,0,22.6,214,779,0,0,0,2.2,3,2306,34.9,32,2853,1.9,9,2299,29,9,3735,0.3,0.1,0.2,0,0.5,39,1971,136,58,2698
61,2009,Khammam,103.1,3065,1448,1.8,0.5,101.6,659,1573,3.6,12,908,4.5,64,783,7.9,65,1041,3.6,5,2116,28.8,73,3730,9.2,91,2518,2.1,2,3847,3.2,0.6,2.9,0.9,1.9,135,2089,19.3,14,2923
61,2010,Khammam,218.25,7040.7,1024,0.4,0.2,25.6,157,1432,0,0,0,86,2268,1089,0,0,0,1.2,5,2808,5.8,10,3289,69.9,737,3592,4,2,3807,0,0,0.2,0.1,1.7,121,2069,27.2,19,3760
61,2011,Khammam,165.31,4116.9,1093,0,0,72.7,338,2211,2.6,9,,6.1,108,1058,0,0,0,0.1,0,0,24.8,76,2977,34.8,412,4279,6,5,4811,0,0,0.2,0.1,0.9,66,2200,17.2,12,3558
61,2012,Khammam,153.84,4730.8,2170,0.3,0.1,287.1,1230,2717,36,79,,0.4,8,1205,31.3,195,,1.6,6,3551,46.6,62,3992,167.8,912,4997,1.5,1,6820,1.7,0.5,4.6,1.2,0.1,7,,30.6,22,3523
61,2013,Khammam,191.78,5752.8,,1.8,0.9,123,568,,3.5,12,,70,607,,1.9,11,,12.9,32,,14.1,24,,5.6,47,,3.7,2,,2.1,0.4,7.8,1.1,14.3,1009,,4.2,3,
61,2014,Khammam,145.71,4561.8,,0,0,103.6,377,,60.2,222,,0.6,11,,0,0,0,0.3,0,0,19.1,39,,49.8,468,,2.2,1,,0.4,0.2,1.4,0.4,0.2,11,,9.8,7,
61,2015,Khammam,121.72,3693.4,1489,2.8,3.5,31.1,140,,0,0,0,60.1,1229,1405,0.4,2,,4.7,11,,4.4,8,,22.3,267,7264,1,0,,0.7,0.2,1.2,0.6,16.6,1167,3100,9.7,7,3796
61,2016,Khammam,121,4457.6,,0.1,0,65.2,186,,7.5,38,,24.3,366,,0,0,0,0.7,2,,9.6,12,,81.8,675,,28.5,9,,0,0,0.3,0.1,0,1,,52.3,94,
61,2017,Khammam,161.32,5124,,3.1,2.7,202.7,1109.8,,0,0,0,21.8,234.1,,0,0,0,2.3,12,,43.5,41,,2.2,16,,19.8,24,,0,0,0.5,0.3,0.4,35,,152.4,171,
58,1966,Mahabubnagar,107,1270,47.5,1.8,1.3,102.6,903,59,2.2,7,66.2,3.9,67.5,,8,72,62.1,3.7,9,132.5,28.5,91,101.4,6.8,63,137.3,2.2,1,195.6,3,0.8,1.9,0.9,0.6,72,,16,26,
58,1967,Mahabubnagar,119,1390,55.7,0.3,0.2,21,85.9,65.9,0,0,0,82.5,2418.9,,0,0,0,0.8,2,,5.3,11,,63.8,632,,2.2,3,152.3,0,0,0.8,0.5,1.8,81,,29.2,48,
58,1968,Mahabubnagar,92.3,1010,61.9,0,0,49.9,319.1,65.1,0.6,5,55,6.9,137.6,,0,0,0,0.1,0,0,31.4,147,76.9,33.3,407,124.2,8.3,9,,0,0,0.1,0.1,1.1,86,,32.1,79,
58,1969,Mahabubnagar,99.3,1034,53.1,0.4,0.3,297.3,1847.6,56.2,26.8,113,55,0.5,21.8,,31.3,217,51.7,2.3,5,118.5,49.1,82,89.8,173.9,1254,125.2,1.4,1,187.5,1.1,0.2,5.6,2.5,0.1,3,,29,55,
58,1970,Mahabubnagar,117.6,1223,57.9,2.6,1.7,130.3,686.7,62.7,3.2,10,45.5,65.5,1102.7,,1.7,12,45.7,12,34,82.4,13.8,20,93.9,5.1,41,128.5,2.7,1,216.6,6.8,1.4,9.1,5.5,16.6,1348,,4,7,
58,1971,Mahabubnagar,79.4,921,70.2,0,0,83.9,298.7,85.7,76.3,195,71.1,0.7,14,,0,0,0,0.6,1,79.9,20.6,29,93.5,63.4,581,125.1,2,2,172.3,0.5,0.1,1.8,0.8,1.1,174,,17.6,29,
58,1972,Mahabubnagar,67,746,90.8,2.5,1.9,38.8,242.9,110.6,2.4,8,87.2,63,1590.3,,0.2,1,91.9,6.2,30,,3.7,8,144.4,13.4,142,179.1,1.4,2,214.2,0.8,0.2,3.7,2.4,15.6,1256.1,,10.1,16,211.3
58,1973,Mahabubnagar,106.3,1654,85,0.1,0.1,48.7,214.1,95.5,3.1,19,86.1,23.9,399.7,,0.1,1,80.4,0.9,2,,8.7,13,121.9,89,754,214.8,23.5,18,,0,0,0.4,0.2,0,0.8,,57.9,138,
58,1974,Mahabubnagar,121.3,1617,112.8,2.44,3.41,182.85,918.2,152.7,1.34,5.3,142.2,22.45,223.9,,0,0,0,2.47,5.9,,46.95,32.4,190.1,1.82,19,215.6,23.25,8.3,,0.02,0.01,0.73,0.45,0.53,42,,157.47,154.7,344.1
58,1975,Mahabubnagar,144.4,1846,81,2.36,1.58,104.68,925.6,107.1,2.52,10,81.9,4.5,114.4,,7.54,87.4,74.5,3.08,10.6,,27.49,80.6,,8.87,99.3,151.2,1.69,2.2,,3.65,0.86,0.81,0.39,2.3,171,,13.96,76.9,337.2
58,1976,Mahabubnagar,148.6,1866,92.5,0.38,0.35,9.31,64.1,122,0.02,0.1,107.7,87.12,2278.6,,0,0,0,0.89,2.3,,4.43,10.2,211.4,64.18,789.7,240.5,4.05,2.4,,0.03,0.01,3.88,2.74,3.61,265,,26.17,126,435
58,1977,Mahabubnagar,135.2,1932,94,0,0,48.69,270.1,109.5,1.33,5.3,100,9.24,182.6,,0.02,0.2,89,0.16,0.7,214,27.52,137.9,266,36.99,428.7,234.5,9.24,8.3,,0,0,0.39,0.25,1.5,112,,32.11,77.9,269
58,1978,Mahabubnagar,164.9,2831,84,0.38,0.35,285.35,2044.9,85.8,24.15,121,70,0.83,17.4,,29.75,239.9,66,2.27,4.7,240,49.48,75.2,247,186.88,1941.5,212,1.52,2.3,,0.98,0.25,10.57,4.1,0.12,9,,23.11,51.1,392.3
58,1979,Mahabubnagar,160,2900,92.8,1.96,1.33,120.66,892.5,93.5,2.79,11,84,64.93,1229.6,,1.4,10.2,77,11.75,44.6,218,13.92,24.5,242,10.76,111.2,268.5,2.26,3.4,,5.78,1.53,4.39,2.91,19.55,1263.1,,4.46,8.2,374.5
58,1980,Mahabubnagar,136,2230,122.3,0,0,59.71,221.9,129.1,46.98,153.2,108,0.97,18.6,,0,0,0,0.43,0.9,357.3,21.4,32.5,290,67.46,637.9,349.5,2.08,3.2,,0.12,0.03,1.44,0.7,1.52,115.3,,15.29,28.1,358
58,1981,Mahabubnagar,158,2870,129.5,1.39,1.31,28.81,189.7,149,3.1,12.3,125.3,62.17,1220.4,,0.24,2.1,118,3.07,10.6,361.1,3.49,7.2,298.4,9.81,114,354.5,2.16,1.3,,1.08,0.27,3.79,2.1,19.93,1731.1,,11.52,21.2,378.4
58,1982,Mahabubnagar,118.5,1737,147.4,0.04,0.04,35.61,189.4,148.3,2.61,17.9,122.2,27.42,553,,0,0,0,1.02,2.4,362.2,10.66,25.7,316.6,103.03,874.5,397.2,20.98,37.2,,0.09,0.02,4.43,4.45,0.02,2,,53.17,128.1,384.2
58,1983,Mahabubnagar,156.6,2421,149.2,1.47,1.64,177.81,773.8,156.9,0.03,0.1,132.9,22.71,355.7,134.1,0,0,0,1.15,3.4,364.6,45.4,53.6,345,2.06,20.5,412.3,23.95,18,,0.02,0.01,5.64,4.78,0.52,35.9,,171.64,142.4,407.1
58,1984,Mahabubnagar,93.3,1262,150.4,2.18,1.42,103.45,800.9,160,1.64,4.9,131.5,4.24,61.4,,8.7,59.6,131.1,3.66,9.6,395.1,28.67,69.1,329.4,8.95,91.2,408.4,1.97,2.2,,3.85,1.89,1.71,1.29,2.49,195.2,,15.39,33.1,410.2
58,1985,Mahabubnagar,63.6,852,171.8,0.26,0.22,8.11,52.9,143.7,0.01,0,0,84.21,2235.3,,0,0,0,0.9,3.1,460.9,4.66,12.2,310.4,62.13,762.3,487.8,3.42,3.1,,0.27,0.08,7.73,7.14,2.73,216.8,,26.27,102.4,451
58,1986,Mahabubnagar,37,420,185.2,0,0,43.01,263,153,1.02,3,139,10.46,200.2,,0,0.1,137,0.23,0.8,370,28.75,139.4,472,38.03,420.6,539.5,8.45,11.3,,0,0.14,2.33,2.2,2.57,197.8,,32.68,126.2,500
58,1987,Mahabubnagar,52,740,203.3,0.28,0.23,267.32,1012.3,160,16.65,41.5,140,1.36,29.1,,25.3,115.4,138,1.98,7,380,52.52,90.9,500,208.8,1221.5,567.5,1.32,2.4,,0.87,0.42,31.43,23.06,0.1,8.4,,28.14,72.5,700
58,1988,Mahabubnagar,136.5,2937,212,1.82,1.53,107.4,660,240.5,2.6,7.7,185,69.91,809.5,,0.77,2.2,168,11.34,41.2,,12.64,24.3,597,8.97,79.5,534,1.82,2.7,,5.14,3.29,7.97,5.8,21.99,1666.7,,6.62,12.7,
58,1989,Mahabubnagar,143.4,2627,216.5,0,0,49.84,237.7,204,38.82,118.4,175,1.22,22.9,,0,0.1,178,0.32,1.1,669,21.11,83.6,645,71.03,662.6,653.5,2.53,4.5,,0.22,0.07,2.2,1.78,1.11,79.9,,21.52,41.2,
58,1990,Mahabubnagar,132.68,2610.8,234,1.12,0.94,24.86,189.8,222,2.27,6.7,182,62.57,1431,,0.17,0.8,158,2.49,8.4,692,2.98,7.8,852,6.86,76.3,851,1.51,1.6,,0.88,0.71,4.52,4.14,21.59,1637.5,,12.06,23.1,942
58,1991,Mahabubnagar,162.41,3857.5,302,0.14,0.12,24.55,169.5,367,1.23,9.3,301,29.65,580.6,298,0,0,0,0.72,2.4,781,8.79,56.1,941,99.23,925,954,20.3,43.9,,0.01,0.01,8.28,10.09,0,0,378,56.99,157.4,1385
58,1992,Mahabubnagar,77.35,1367.8,358,2.85,2.69,186.6,1593.8,295,0.16,0.5,290,24.75,445.7,,0,0,0,2.06,4.5,720,42.23,37.6,950,3.53,38.8,918,22.39,38.5,,0.15,0.15,7.47,4.89,0.19,13.5,,161.65,197.4,1150
58,1993,Mahabubnagar,75,1260,398,1.72,0.93,100.92,861.5,285,1.73,5.3,270,3.76,182,,8.5,83.8,200,3.53,8.2,1120,27.71,38.8,740,7.82,84.8,1035,2.03,1.9,,3.82,2.02,3.47,2.04,1.98,138.5,,19.11,43.9,1650
58,1994,Mahabubnagar,69,1210,417,0.3,0.23,7.78,48.5,372,0.22,0.7,272,83.61,2563.3,305,0,0,0,0.91,2.8,989,3.74,5.9,1116,54.53,625.3,1024,3.87,7.7,,0.25,0.08,13.79,11.01,2.68,187.9,584,33.59,98.1,2231
58,1995,Mahabubnagar,100,1910,437,0,0,39.4,265,,0.58,1.8,398,12.03,407.8,431,0.04,0.4,390,0.23,0.7,914,24.49,90.6,1141,32.43,413.9,1023,7.15,16.7,,0,0.09,3.72,3.06,1.47,103.1,,43.77,101.6,2071
58,1996,Mahabubnagar,121,2660,467,0.28,0.22,216.36,1551.1,465,13.32,36.1,361,2.54,67.9,401,18.38,147.1,321,1.5,3.8,1449,37.01,43.7,1313,153.27,759.1,1115,1.41,3.3,1452,1.48,0.83,34.09,17.23,0.06,4.4,850,37.5,50.9,1757
58,1997,Mahabubnagar,92,1790,505,2.49,1.24,112.97,855,470,2.39,7.3,372,65.89,1451.5,411,0.61,2.9,372,11.7,35.7,1650,11.61,6.6,1320,7.8,86.1,1099,2.5,3.7,1338,5.41,4.38,12.23,8.76,16.42,1150.1,1043,11.41,19.8,1850
58,1998,Mahabubnagar,147,2920,,0.02,0.01,40.58,172.8,450,25.91,82.1,607,1.39,36,347,0.02,0.4,469,0.48,1.5,,19,27.6,1267,64.24,676.6,,3.27,7.6,1836,0.59,0.08,4.09,2.93,0.58,40.8,1754,37.92,65.7,1836
58,1999,Mahabubnagar,133.07,2257.6,604,1.24,1.55,34.31,258.7,766,4.41,13.4,510,57.84,1809.7,457,0.12,1,466,2.73,15,1291,2.73,4.3,1450,8.19,118.9,1232,1.17,2.4,1564,1.53,1.11,7.11,9.63,12.17,852.6,910,14.96,25.9,1875
58,2000,Mahabubnagar,166.46,4314.3,520,0.05,0.04,31.16,213,451,0.83,3.6,351,31.77,708.8,372,0.02,0.2,405,0.82,2.6,1575,7.99,22.8,1268,79.18,757.4,1098,21.52,60.2,1845,0.18,0.07,14.05,11.33,0.01,0.2,1268,62.64,128.6,2075
58,2001,Mahabubnagar,137.18,3277.9,562,3,2,188,1900,493,0,0,0,25,470,472,0,0,0,2,10,1440,39,40,1281,3,30,1202,26,50,1719,0.34,0.07,12,7,0,10,,148,248.2,1705
58,2002,Mahabubnagar,110,2220,614,2,1,96,790,502,2,10,479,3,70,517,11,90,415,4,10,1351,24,110,1587,8,80,1496,2,0,1828,4.49,0.57,6,3,0,30,829,17,30.6,2031
58,2003,Mahabubnagar,99.5,2306.1,584,0,0,10,70,509,0,0,0,69,2010,478,0,0,0,1,0,0,3,10,1597,48,580,1703,4,10,1864,0,0,17,14,2,200,776,31,86.7,2430
58,2004,Mahabubnagar,83.81,1898,556,0,0,47,320,691,1,0,0,15,420,520,0,0,0,0,0,0,29,140,1471,35,340,1388,11,20,2109,0,0,5,4,3,160,1188,40,136,1752
58,2005,Mahabubnagar,128.15,3205.4,667,0,0,203,1300,800,14,50,518,4,100,537,20,190,531,2,10,1723,29,60,1633,145,1260,1567,1,0,1768,2.07,0.28,48,19,0,6,1551,30,68,2152
58,2006,Mahabubnagar,109.64,2679.8,671,3,1,111,850,723,2,10,512,69,1510,641,1,0,0,15,50,2263,12,20,1759,7,70,1763,3,10,2248,7.01,1.61,16,13,16,1320,1106,11,23.8,2214
58,2007,Mahabubnagar,147.84,4250.3,727,0,0,54,190,1382,25,80,728,1,30,607,0,0,0,1,0,0,18,40,1903,66,530,2183,5,10,3495,0.48,0.1,7,5,0,10,1041,22,51,2080
58,2008,Mahabubnagar,144.73,4212.1,1045,2,1,33,340,1269,4,10,779,55,1610,882,0,0,0,5,30,2394,3,10,2689,8,140,2406,1,0,3500,2.87,0.77,11,11,14,1110,2437,15,34,2697
58,2009,Mahabubnagar,163.86,4011.1,1407,0,0,41,210,1553,1,20,1112,31,750,982,0,0,0,1,0,0,7,30,3825,85,690,3145,27,50,3706,0,0,15,12,0,0,1618,57,163.2,2919
58,2010,Mahabubnagar,196.7,5457.7,997,4,2,176,1360,1226,0,0,0,27,570,906,0,0,0,3,30,2509,38,60,3181,3,30,3706,22,40,4715,0.81,0.38,15,9,0,20,1947,154,236.3,4068
58,2011,Mahabubnagar,172.07,3965.6,1146,2,1,93,810,2685,2,10,924,4,120,1080,10,120,1084,5,10,3332,27,120,4291,6,50,4244,2,0,3582,5.15,1.77,4,2,0,30,2133,23,59.5,3847
58,2012,Mahabubnagar,142.03,3805,1617,0,0,8,40,2211,1,0,0,80,2540,1240,0,0,0,1,10,3387,3,10,3926,46,550,4803,5,10,8512,0,0,25,18,2,150,2600,43,153,3621
58,2013,Mahabubnagar,168.63,4787,,0,0,34,200,,1,0,0,17,540,,0,0,0,0,0,0,27,140,,26,320,,11,10,,0.08,0.04,11,8,2,140,,56,188.7,
58,2014,Mahabubnagar,160.77,4181,,0,0,179,1150,,11,40,,3,90,,19,160,,6,30,,28,50,,140,880,,1,0,,6.98,2.68,37,14,0,4,,44,79.9,
58,2015,Mahabubnagar,96.28,2150.2,1428,2,2,112,640,2011,3,10,1807,64,1290,1331,0,10,1756,18,90,4357,11,10,,7,60,4272,5,20,,8.24,3.85,14,10,20,1200,2900,16,39.1,3973
58,2016,Mahabubnagar,143.31,3864.6,,0,0,48,150,,23,80,,1,20,,0,0,0,1,10,,19,60,,53,380,,5,10,,0.96,0.45,7,6,1,40,,25,59.5,
58,2017,Mahabubnagar,170.82,4200.7,,2,2,27,290,,4,20,,56,1700,,0,0,0,5,30,,3,10,,6,80,,1,0,,4.33,3.25,20,18,19,1400,,19,44.2,
57,1966,Medak,97,1380,44.5,0,0,33,150,62.5,1,10,,29,710,52.7,0,0,0,1,0,0,7,30,88.5,80,660,110.3,28,60,192.7,0,0,20,14,0,0,,73,224.4,
57,1967,Medak,106,1580,50.5,4,3,177,1310,64.6,0,0,0,28,640,62,0,0,0,3,10,153,36,60,132.1,3,30,,23,30,170.4,0,0,16,9,1,0,,158,168.3,
57,1968,Medak,64.2,640,57.9,2,1,88,620,,1,10,,5,90,,9,90,,5,20,,25,80,,8,60,,2,0,,0,0,3,2,0,40,,37,64.6,
57,1969,Medak,87.7,850,51,0,0,6,40,52.5,1,0,0,86,2840,58.9,0,0,0,1,0,0,3,10,86.8,46,500,118.6,5,10,223.3,0,0,17,10,2,140,67.1,64,236.3,
57,1970,Medak,106.9,1307,55.4,0,0,30,170,,0,0,0,19,570,50.6,0,0,0,0,0,0,25,100,,22,250,,9,10,177.9,0,0,10,6,2,150,,73,137.7,
57,1971,Medak,59.3,634,64.6,0,0,180,1300,84.5,12,70,,4,110,51.3,17,140,58.8,4,30,91.5,34,70,105.5,137,1210,117.8,1,0,207.7,0,0,42,23,0,10,101,91,130.9,
57,1972,Medak,52.6,162,81.6,2,2,110,740,103,2,10,71.8,57,950,89.3,0,0,0,18,100,152.8,11,20,150.7,7,60,187.3,3,10,273.5,0,0,14,7,20,1380,139,26,54.4,
57,1973,Medak,90.9,1363,78.4,0,0,36,150,117.3,22,70,53,2,40,111.3,0,0,0,1,0,0,23,70,157.5,54,480,202.6,4,10,312.1,0,0,6,3,1,40,114,40,83.3,
57,1974,Medak,115,1718,90.5,1,2,24,170,150,4,20,124,52,1380,123.5,0,0,0,3,10,198,3,10,181,9,130,293.5,1,0,,0,0,21,14,20,1450,146,27,54.4,
57,1975,Medak,112.1,1685,84,0,0,25,130,103,1,0,0,33,790,71.5,0,0,0,1,0,0,7,20,139,76,650,160.5,25,80,309,0,0,19,12,0,0,129,83,302.6,
57,1976,Medak,107.2,1747,88,3,1,166,1240,111,0,0,0,28,800,87.5,0,0,0,3,20,148,34,60,195,3,50,193,25,20,374,0,0,9,6,0,40,150,154,248.2,
57,1977,Medak,81.9,1045,96.5,2,2,83,690,84.5,1,10,,6,120,79,9,130,62,5,30,204,27,80,295,8,110,,2,0,376,0,0,2,2,0,20,84,25,61.2,
57,1978,Medak,126.5,2579,85.3,0,0,5,40,81.3,0,0,0,93,3530,90.8,0,0,0,1,10,198,3,10,284,40,580,,5,10,360,0,0,8,6,3,180,77,67,272,
57,1979,Medak,79,1270,95,0,0,27,150,94.2,0,0,0,18,580,90,0,0,0,0,0,0,27,130,279,17,240,,9,20,423,0,0,4,3,2,150,,72,130.9,
57,1980,Medak,93,1700,114.3,0,2,191,1190,124.6,14,80,,12,360,100.5,18,180,92.5,3,20,384,40,130,312.9,159,1360,306.4,1,0,447.4,0,0,28,16,0,10,263,68,181.9,
57,1981,Medak,126,2040,127.6,4,0,97,580,158.4,2,10,,60,1430,117.3,0,0,0,19,110,332.3,11,30,328.7,9,110,,3,10,507.3,0,0,8,6,19,1370,295.5,20,51,
57,1982,Medak,112.9,2181,137,0,0,36,150,153.9,22,120,,2,40,126.3,0,0,0,1,0,0,29,100,351,58,540,,7,20,543,0,0,6,3,0,20,,44,96.9,
57,1983,Medak,130.4,2396,145.9,2,2,24,360,168.7,4,20,132.9,49,1710,134.1,0,0,0,3,20,347.5,2,10,427.8,15,280,,1,0,653.7,0,0,10,9,17,1170,227.7,21,52.7,
57,1984,Medak,101.8,1661,143,0,0,20,160,148.7,0,0,0,35,960,105,0,0,0,1,10,390.9,11,30,367,71,720,,26,50,656.4,0,0,12,9,0,0,281.6,108,377.4,
57,1985,Medak,82.9,1266,152,3,2,154,650,162.5,0,0,0,29,770,126.5,0,0,0,4,10,404,33,10,374,4,30,,26,10,667,1.33,0.24,7,3,0,20,278.5,145,112.2,
57,1986,Medak,80,860,157.4,2,1,75,780,174.9,1,0,0,6,150,149,7,80,124,6,10,428.6,28,10,455,5,40,,2,0,685,5.75,1.24,2,1,0,40,230,22,37.4,
57,1987,Medak,99,1890,168,0,0,6,50,178.9,1,0,0,94,2900,164.9,0,0,0,1,0,0,3,10,680.1,33,290,906,4,10,,0,0,10,4,2,150,222.2,61,180.2,
57,1988,Medak,131.8,2514,186.7,0,0,25,180,279.8,1,0,0,25,730,170.1,0,0,0,0,0,0,26,80,567.1,19,230,,9,10,794.6,0,0,4,2,2,170,,71,151.3,
57,1989,Medak,134.3,2779,196.1,0,0,158,790,240.1,10,40,,21,550,189.1,9,70,182.3,3,0,0,36,60,654.8,140,710,617.8,1,0,965,1.64,0.3,39,14,0,0,308,58,88.4,
57,1990,Medak,130.08,2832.5,207,3,2,101,510,241,2,10,,71,1580,183,0,0,0,20,20,713,10,0,846,7,60,839,2,0,1110,6.34,1.24,9,5,18,1260,354,13,22.1,
57,1991,Medak,108.33,1755,289,0,0,32,110,426,17,70,,2,70,323,0,0,0,1,0,0,26,30,1034,54,260,978,6,0,,0.2,0.04,6,3,0,20,371,51,110.5,1360
57,1992,Medak,93.97,1652.2,295,2,1,29,180,306,4,20,,52,1450,288,0,0,0,3,0,0,2,0,1077,9,110,940,1,0,1131,3.08,0.3,6,4,16,1170,438,17,30.6,
57,1993,Medak,92,1640,337,0,0,26,200,263,0,0,0,46,1190,226,0,0,0,1,0,0,12,20,1044,66,500,879,19,20,1394,0,0,14,6,0,0,587,101,224.4,
57,1994,Medak,81,1810,372,3,2,143,1010,387,0,30,,29,770,341,0,0,0,3,10,957,36,130,,5,70,967,16,30,1446,0.54,0.19,5,3,0,30,562,162,261.8,
57,1995,Medak,105,1890,374,2,1,88,430,,1,10,,6,160,372,10,60,,6,10,827,36,150,1646,9,100,,2,0,,3.88,1.27,2,1,1,120,503,26,42.5,
57,1996,Medak,108,2190,387,0,0,4,20,518,1,0,0,96,3690,377,0,0,0,1,0,0,6,20,1449,30,330,1154,4,10,1547,0,0,6,4,2,200,850,84,333.2,
57,1997,Medak,74,1350,453,0,0,26,170,535,1,0,0,18,480,396,0,0,0,0,0,0,24,120,1588,14,170,1045,10,10,1338,0,0,2,1,3,340,1043,88,243.1,1800
57,1998,Medak,123,3030,,0,0,173,1020,475,15,60,513,21,690,374,12,100,430,3,0,0,49,120,1062,131,990,1391,2,0,1918,1.36,0.46,30,15,0,0,1572,94,130.9,2050
57,1999,Medak,112.83,2223.8,508,4,2,101,660,722,2,10,438,81,2800,433,0,0,0,18,20,1298,18,60,1450,10,120,1226,3,10,1985,5.75,2.28,10,6,17,1310,686,23,54.4,1990
57,2000,Medak,123.17,3362.3,471,0,0,30,120,520,19,100,351,2,60,370,0,0,0,1,0,0,26,120,1450,54,420,1223,6,20,1996,0.71,0.24,2,2,0,10,1450,113,219.3,2212
57,2001,Medak,108.45,2763.5,549,2,1,26,200,507,5,0,0,56,2250,464,0,0,0,3,0,0,2,10,1381,15,350,1236,1,0,1771,1.72,0.27,7,5,22,2150,811,20,49.3,1705
57,2002,Medak,77,1580,612,0,0,20,120,474,0,0,0,45,1380,502,0,0,0,0,0,0,33,120,1455,59,620,1604,23,70,1779,0,0,9,6,0,0,829,146,503.2,2031
57,2003,Medak,86.3,2160.1,570,3.96,2.66,133.22,974.5,592,0.64,3.8,459,30.52,840.3,431,0,0,0,3.04,20.1,1399,38.68,112.6,1762,4.52,51.4,1535,15.86,21.8,1794,0.46,0.23,1.8,0.73,0.37,21.9,760,164.29,351.6,2366
57,2004,Medak,62.46,1244.8,565,2.11,1.53,77.04,517.4,738,1.22,7.2,516,8.8,179.7,501,8.99,113.2,504,4.94,32.6,1431,37.4,178,1551,6.82,70.8,1543,1.75,2.7,2368,3.43,1.13,0.94,0.47,3.2,111.7,1188,18.35,32.5,1855
57,2005,Medak,85.27,2473.3,550,0.16,0.11,2.8,20.1,756,0.75,4.4,534,103.38,4179.4,496,0,0,0,0.46,3,1600,7.12,25.6,1511,25.66,300.2,1495,3.08,4.8,2095,1.21,0.61,1.13,0.33,3.13,0,1102,74.81,300.7,2069
57,2006,Medak,101.98,2752.5,634,0,0,20.65,119.4,920,0.42,2.5,512,19.76,774.8,609,0.01,0.2,521,0.02,0.1,1921,25.38,146.7,2192,8.37,125.5,1806,9.67,14.4,2245,0,0,0.53,0.39,4.89,308,1106,80.8,236.7,1961
57,2007,Medak,92.82,2815.5,733,0.14,0.09,165.79,915.7,1512,16.64,79.9,728,35.64,1092,653,12.93,101.7,734,2.71,17.9,2317,61.12,201.7,2115,123.14,627.3,2024,1.7,3.6,2134,1.11,0.51,22.74,8.98,0.11,1.6,1012,54.9,67.5,2025
57,2008,Medak,123.91,3574.4,863,4.05,2.82,90.88,568.4,1091,1.47,8.6,779,86.17,1855.6,811,0.09,0.5,838,19.75,130.3,2096,17.3,70.8,2905,8.99,92.7,2415,3.58,10.1,4621,4.79,3.88,5.94,2.98,49.2,2043.7,1144,13.82,36.3,2705
57,2009,Medak,83.12,2326.9,1030,0,0,22.62,90.3,1485,17.04,116.8,1112,1.42,45.3,808,0,0,0,0.26,1.7,2008,29.07,82.9,3745,48.54,272.4,2515,7.24,9.6,3706,0.07,0.03,2.57,0.89,0.31,13.2,2084,90.66,175.9,3021
57,2010,Medak,144.56,5149.2,956,1.64,0.88,26.97,388.5,1885,6.24,36.5,978,56.63,1987.5,923,0.02,0.2,,1.92,12.6,2499,2.63,9.5,3602,12.18,204.8,3307,1.2,1.8,4715,2.3,0.35,4.13,3.36,40.6,1657.4,1956,15.72,41.3,3882
57,2011,Medak,137.03,4069.6,1057,0.06,0.04,15.86,65,1954,0.17,1.4,748,51.11,1544.5,998,0,0,0,0.78,5.1,3194,26.69,56.3,3217,52.55,498.8,3795,24.56,63.8,,0,0,5.49,2.73,0,0,1915,154.86,512.6,3662
57,2012,Medak,110.36,3726,1271,3.68,1.85,121,1194.8,1926,0.52,3.1,1069,30.5,955.3,1255,0,0,0,2.69,13.5,3724,39.76,96.2,3953,3.96,61.7,4477,14.11,24.8,7887,0.35,0.15,0.93,0.33,0.28,11.8,2600,169.33,177.8,3683
57,2013,Medak,170.97,6244.9,,2.16,1.47,74.86,634,,1.14,6.8,,11.91,246.5,,5.67,57.9,,4.58,32.9,,35.41,121.8,,6.13,87.6,,1.67,2.9,,3.11,1.36,0.93,0.77,2.39,63.2,,14.42,33.6,
57,2014,Medak,110.89,3630.8,,0.17,0.1,1.53,15.8,,0.76,4.6,,113.58,4254.3,,0,0,0,0.49,3.5,,6.54,23.4,,21.95,347.6,,3.51,6.6,,0,0,0.89,1.35,2.36,118.5,,66.58,282.3,
57,2015,Medak,84.17,2397.8,1428,0,0,12.66,79.6,2623,0.31,1.9,,21.06,661,1377,0.02,0.2,,0.03,0.2,4066,26.39,143.6,,7.45,107.9,4889,8.52,13.7,,0,0,0.08,0.07,5.78,300.7,3250,82.88,326.5,3861
57,2016,Medak,160.77,5960.6,,0.32,0.18,177.76,1320.7,,18.56,113.8,,48.64,756.6,,14.6,161.8,,4.95,35.6,,65.89,285.3,,110.58,981.3,,1.51,2.3,,1.59,0.69,18.47,10.9,0.07,0,,40.49,103.7,
57,2017,Medak,180.79,6158.2,,3.83,2.18,88.16,721.5,,1.08,6.5,,102.47,1989.7,,0.07,0.8,,19,142.1,,21.18,67.6,,6.52,79.7,,3.12,4.9,,4.69,2.06,5.61,4.05,50.97,2120.8,,10.57,29,
59,1966,Nalgonda,111,1050,49.1,0,0,18.71,82.5,57.9,16.14,94.4,57.7,2.78,74.4,,0.01,0.1,,0.23,1.6,,30,92.4,84.8,45.62,374.2,144.5,7.83,9.9,157.8,0.24,0.1,1.05,0.84,0.19,2.6,,97.12,147.6,
59,1967,Nalgonda,149,2000,57.1,2.61,1.49,26.67,313.4,61.1,6.78,40.7,21.5,55.57,2253.7,,0,0,0,2.24,16.1,,2.43,8.7,125.5,11.8,334.3,,1.52,2.9,,2.14,0.94,3.21,3.05,39.32,1588.7,,8.37,22.9,
59,1968,Nalgonda,149.6,1520,61.9,0.01,0.01,10.89,40.3,,0.09,0.6,41,62.79,1607.6,,0,0,0,0.46,3.3,,31.27,88.2,,48.81,590.2,126,27.46,45.7,,0,0,2.24,3.68,0,0,,140.59,601.7,
59,1969,Nalgonda,191.7,2007,62.1,3.72,3.33,111.29,1253.6,59,0.63,2.9,51.5,27.71,1093,,0,0,0,3.28,36.2,,39.09,183.3,79.4,3.7,50.6,133.9,14.97,27.5,,1.54,0.52,1.22,0.63,0.1,0.7,,175.55,459.9,
59,1970,Nalgonda,208.9,2601,55.1,2.15,1.49,69.7,729.9,58.9,0.74,3.5,60.8,9.3,200.2,,3.25,54.8,,5.2,57.5,108.7,33.18,145.7,91,7.25,79.7,128.5,1.4,2.7,,3.79,1.28,0.95,0.71,2.53,84.9,,19.45,51.2,
59,1971,Nalgonda,194.7,2714,71.2,0.15,0.11,2.12,20.5,75.2,0.47,2.2,74.2,89.44,3538.5,,0,0,0,0.75,8.3,,5.68,30.1,93.5,19.21,308.5,125.1,3.52,6.8,,0.02,0.01,0.56,0.71,2.66,175.2,,80.52,176.3,
59,1972,Nalgonda,166.6,2624,84.4,0,0,14.94,118.1,99.8,0.2,0.9,104.4,16.2,498.4,,0.01,0.1,,0.14,1.6,,21.65,102.8,144.4,6.04,100.4,178.6,8.08,12.5,225,0,0,0,0,8.14,420.6,,99.04,354.6,
59,1973,Nalgonda,255.7,3723,78.7,0.22,0.15,173.07,1186.7,95.3,17.98,86.3,88.1,40.79,795,,7.08,80.7,,7.09,78.3,180.4,57.59,163,121.9,108.62,974.1,214.8,1.02,2,,0.81,0.27,17.91,9.29,0.12,0,,63.42,131.3,
59,1974,Nalgonda,248.1,3955,109.2,3.89,2.05,83.31,787.5,142,0.87,4.1,133.7,91.4,2153.3,,0.04,0.5,,19.98,220.8,176.9,19.4,99.7,190.1,5.36,76.4,215.6,2.44,4.8,,5.4,2.17,3.97,5.24,51.78,2310.2,,16.4,42.1,
59,1975,Nalgonda,301.3,5273,82.3,0,0,17.39,87.4,83.4,9.81,43.4,76.7,2.48,76.8,,0,0,0,0.16,1.8,126.5,23.64,61.9,101.8,34.21,303.5,145,6.21,3.7,,0.5,0.17,0.27,0.19,0.07,2.3,,113.52,174.8,
59,1976,Nalgonda,249.7,3887,89.7,2.01,1.22,26.08,339.7,95.4,5.61,26.2,83.4,52.64,2161.7,,0.02,0.3,,2.79,30.8,,2.66,5.7,,7.39,125.9,231.4,1.45,2.8,,1.83,0.22,3.06,3.73,39.88,1584.9,,10.93,28.1,
59,1977,Nalgonda,233.3,4275,95.7,0.02,0.02,11.39,68.7,96.6,0.06,0.3,94.7,40.14,1339.4,,0,0,0,0.47,5.1,,24.91,134.7,253.1,45.33,481.9,219.8,19.69,51.3,,0,0,0.73,1.18,0,0,,182.48,534.7,
59,1978,Nalgonda,293.6,5417,89.6,3,4,92,840,77.3,1,0,0,29,690,,0,0,0,4,60,,41,100,234.2,2,30,201.1,11,30,,0.74,0.21,0,0,0,0,,162,292.4,
59,1979,Nalgonda,230,4600,99.9,2,2,61,630,86,1,0,0,15,400,,3,40,,6,80,,33,190,247.1,5,60,,1,0,,3.52,1.88,1,1,0,30,,14,37.4,
59,1980,Nalgonda,183,3630,116.5,0,0,2,10,92.8,0,0,0,106,3680,,0,0,0,3,40,,7,20,288,15,210,363.4,2,10,,0,0,0,0,1,30,,46,120.7,
59,1981,Nalgonda,210,4730,129.3,0,0,10,70,115.1,0,0,0,22,330,,0,0,0,0,0,0,25,110,294.6,4,50,338.7,10,10,,0,0,0,0,7,350,,70,198.9,
59,1982,Nalgonda,210.2,4890,132.9,0,0,146,1320,101.4,12,60,92.4,72,940,,8,80,,12,130,,58,240,302.4,90,590,340.8,1,0,,1.88,0.77,26,18,0,0,,43,98.6,
59,1983,Nalgonda,232.2,5442,145,3,4,82,780,120.6,1,0,0,89,2100,141.3,0,0,0,29,350,,19,60,360.2,3,50,399.6,2,0,,6.64,2.31,3,5,31,2030,,7,15.3,
59,1984,Nalgonda,219.1,4532,144.3,0,0,28,90,122.4,15,60,119,3,80,,0,0,0,0,0,0,26,50,333,30,190,412.8,8,10,,0,0,1,1,0,0,,77,113.9,
59,1985,Nalgonda,186.9,4436,158.4,2,2,27,460,121.1,5,20,136.2,48,1580,,0,0,0,4,60,,2,10,333,4,40,419.9,1,0,,2.22,0.62,6,4,18,840,,9,18.7,
59,1986,Nalgonda,171,4790,159.2,0,0,18,120,131.2,0,0,0,67,1830,,0,0,0,1,10,,23,100,445.7,41,380,530.1,21,50,,0,0,0,1,0,0,,119,287.3,
59,1987,Nalgonda,168,4270,168.9,3.84,2.3,98.63,895.4,131.5,1.82,11.1,146.4,30.46,1242.4,,0,0,0,8.63,103,,39.74,137.5,588.4,3.25,46.5,608.6,12.31,24.8,,0.71,0.22,1.14,0.84,0.12,9.2,,145.3,489.7,
59,1988,Nalgonda,244.8,7028,195.8,1.7,1.11,57.09,581.3,167.5,0.97,5.9,153.3,29.64,1255.3,,5.75,56.2,,5.78,69.1,,35.79,263.1,470.7,5.9,72.6,475.1,1.24,3.6,,2.77,1.37,0.85,0.8,0.89,66,,15.37,61.3,
59,1989,Nalgonda,267.3,7216,194.4,0.15,0.09,2.07,19,218.1,0.94,5.7,177.6,162.79,6688.4,,0,0,0,7,83.5,,12.24,51.9,591.3,16.79,317.6,564.6,3.52,7.4,,0.22,0.07,0.5,0.9,1.62,122,,48.69,181.6,
59,1990,Nalgonda,269.34,7166.3,194,0,0,11.94,147.4,192,0.74,4.5,198,25.57,1136.4,,0.01,0.1,,0.24,2.9,,29.95,158.1,780,6.72,82.2,759,13.49,21.2,,0,0,0.72,0.78,3.31,247.9,,76.34,300,
59,1991,Nalgonda,267.82,7026.8,298,0.23,0.14,127.59,917.7,346,11.55,67,371,94.74,2093.3,298,7.15,91.3,,13.15,157,,60.21,240.2,830,75.37,686.3,396,0.88,2.5,,0.92,0.29,37.45,28.26,0.04,3.3,378,34.98,97.6,1603
59,1992,Nalgonda,238.26,6665.5,278,3.42,2.1,72.04,575.4,297,0.67,4.1,281,112.37,2159.5,,0,0,0,39.57,472.5,,24.57,127.5,831,4.85,69.3,793,2.27,6.4,,6.78,1.6,7.86,15.36,25.97,1908.1,,5.76,22.6,819
59,1993,Nalgonda,225,6470,341,0,0,28.74,173.9,260,21.44,134.4,254,4.76,155.6,,0,0,0,0.95,11.4,,37.89,192.8,840,35.53,316.9,892,13.03,31.6,,0,0,0.85,0.93,0.12,9.2,,63.62,190.8,
59,1994,Nalgonda,227,6490,363,1.39,0.64,22.74,345,348,4.78,29.2,338,54.76,2059.9,,0.02,0.3,,8.78,104.8,,2.43,8.2,1258,2.57,59,946,1,2.1,705,1.88,0.59,13.32,13.99,15.24,1159.3,,8.59,10.9,
59,1995,Nalgonda,196,5120,376,0.05,0.03,11.94,73,,0.35,2.2,349,84.3,3027.6,,0,0,0,3.49,41.7,,28.89,121.1,1455,45.06,582.7,1071,24.97,94,,0.02,0.01,0.31,0.46,0,0,,123.55,474.4,
59,1996,Nalgonda,279,7750,413,2.9,0.84,93.16,692.8,499,1.23,3.9,361,26.52,744.8,393,0,0,0,7.1,62.4,1203,39.81,169.2,1247,4.15,48.2,1053,12.82,48.6,1452,0.55,0.25,2.97,1.58,0.05,9.5,850,177.91,402.1,
59,1997,Nalgonda,212,5200,453,1.42,0.76,44.81,565,476,0.97,3.1,389,24.46,647.2,391,2.84,68,415,5.38,47.3,1441,35.58,154.8,1364,3.93,67.4,1191,1.51,4.1,1432,3.08,1.39,0.88,0.47,1.24,87.3,1043,20.9,59.6,1920
59,1998,Nalgonda,318,9240,461,0.07,0.03,2.56,24.7,454,0.54,1.7,400,125.87,3250.9,441,0,0,0,4.84,42.6,1162,10.41,23.4,1623,17.78,179,1235,3.8,13.7,1836,0,0,1.61,1.62,1.05,92.3,981,100.11,212.2,2050
59,1999,Nalgonda,239,5760.5,561,0,0,6.76,49.5,575,0.2,0.6,438,23.31,720.4,415,0.01,0.2,,0.2,1.8,1365,27.54,156.4,1362,6.06,79.4,1222,8.11,19.1,1946,0,0,0.36,0.2,3.62,253.7,715,105.4,412.1,1841
59,2000,Nalgonda,262.3,7964.2,477,0.3,0.16,95.78,468.9,524,8.41,39.3,418,92.53,1441.3,358,5.11,82.8,444,12.29,108,1466,52.38,193.3,1308,76.39,723,1081,0.89,2.5,1331,0.61,0.28,46.55,22.69,0.01,0.4,1426,50.84,121.5,2148
59,2001,Nalgonda,219.59,5947.5,572,2.4,1.74,59.29,528.8,551,0.34,1.1,380,113.86,2279.6,443,0,0,0,33.84,297.4,1525,23.37,107.3,1284,3.21,51.3,1212,1.49,4.2,1279,7.83,3.21,15.66,21.22,22.87,1491.8,811,13.73,56.7,1790
59,2002,Nalgonda,132,2980,598,0,0,21.08,77.3,596,11.09,22.2,484,3.4,86.3,453,0,0,0,0.53,4.7,1436,37.51,134.3,1495,36.76,281.4,1549,12.69,17.7,1544,0.01,0.01,1.03,0.59,0.36,26.4,829,104.15,222.9,2022
59,2003,Nalgonda,123.01,3581.4,580,1.26,0.88,25.43,220.9,468,4.78,15.1,458,50.31,1714.9,475,0.01,0.1,,5.96,52.4,1414,3.49,15.1,1691,1.84,24.6,1679,1.96,7.5,1861,5.59,2.87,33.35,17.91,14.74,1076.1,776,13.05,15,2418
59,2004,Nalgonda,192.69,5551.3,613,0.05,0.02,11.34,64.9,635,0.03,0.1,488,71.86,2627.7,477,0,0,0,2.75,24.2,1604,25.61,74.3,1418,44.85,516.6,1424,21.3,80.1,2509,0.02,0.01,1.21,0.69,0,0,1188,153.03,489.7,1729
59,2005,Nalgonda,310.7,9386.7,628,3.92,1.34,81.53,853.2,685,0.78,4.9,598,27.15,921.7,512,0,0,0,9.2,130.6,1700,35.99,233.6,1532,4.27,61.7,1453,10.27,26,2271,0.49,0.23,6.47,4.81,0.16,14.7,1100,159.42,457.5,1860
59,2006,Nalgonda,284.28,8059,666,1.41,0.86,39.85,459.2,707,0.52,3.3,616,30.66,1104.5,580,2.62,48.5,555,5.31,75.3,1943,36.26,260,2086,4.53,83.6,1878,1.24,3,2385,3.26,2.39,0.84,0.64,2.63,123,1178,18.4,59.4,1861
59,2007,Nalgonda,310.74,9898.4,765,0.1,0.08,1.92,16.6,854,0,0,0,175.31,7297.4,667,0,0,0,2.97,42.2,2163,16.82,114.4,2090,14.11,260,1997,4.79,28.3,2585,0,0,1.16,1.49,2.19,132.9,1041,117.5,458.3,1912
59,2008,Nalgonda,361.81,11503.1,988,0,0,5.04,35.4,1163,0.26,1.7,1013,33.24,1148.4,784,0.01,0.2,838,0.11,1.6,2306,26.74,165,2591,6.03,82.8,2474,7.56,19.3,2665,0.02,0.01,0.5,0.52,8.35,346.2,1301,109.75,374.3,2793
59,2009,Nalgonda,273.43,9189.7,1300,0.17,0.14,89.25,828.5,1792,8.63,68.1,1092,105.06,3555.2,815,7.22,108.4,1041,12.76,245.7,2405,61.4,454.4,3534,88.45,1041.8,2892,0.73,1.8,3828,0.66,0.31,34.69,18.08,0.01,1,2089,47.63,114.3,3086
59,2010,Nalgonda,405.32,13237.1,1040,2.44,4.19,53.89,639.2,1628,0.62,3.9,1009,120.74,3434.2,908,0.01,0.1,,33.42,410.1,2808,24.04,61.3,3355,2.68,38.5,3019,1.76,4.5,3592,7.94,2.88,14.76,17.77,53.55,2571.8,2069,15.99,70.1,3972
59,2011,Nalgonda,327.76,9638,1067,0,0,15.03,79.6,1950,8.33,39.4,989,5.32,190.5,970,0,0,0,0.33,4.6,2995,36.06,207,2976,35.15,340.8,3593,10.49,28,3511,0,0,0.58,0.6,1.29,65.3,2200,85.6,222.6,3710
59,2012,Nalgonda,208.52,6838.7,1334,1.95,1.6,20.12,197.9,1821,7.31,46.4,1328,62.6,2552.8,1241,0,0,0,7.97,113.2,3387,4.42,16.9,3725,2.2,45,4194,2.78,10.3,4346,3.64,1.71,26.02,29.6,31.73,1404.5,2600,13.28,14.5,3467
59,2013,Nalgonda,393.74,12052.9,,0.04,0.03,8.41,44.1,,0.07,0.5,,78.06,3188.3,,0,0,0,1.53,21.8,,23.78,119.9,,42.13,614.7,,18.64,45,,0.08,0.04,0.81,0.83,0,0,,151.26,632.3,
59,2014,Nalgonda,323.38,10413.6,,3.22,2.51,77.12,683.8,,1.04,3.7,,25.06,780.1,,0,0,0,22.13,340.3,,34.33,238.6,,4.86,74.1,,12.29,29.2,,0.33,0.21,7.92,8.51,0.58,61.2,,178.77,613.2,
59,2015,Nalgonda,212.73,6204.5,1429,1.26,0.75,35.94,478.5,2699,0.35,1.3,1919,23.19,657,2206,1.67,25.3,,4.88,51.7,,33.21,246.1,,3.96,67.4,4748,0.91,1.7,6545,2.44,1.73,0.53,0.39,2.63,122.6,2900,16.33,37.6,3973
59,2016,Nalgonda,356.25,12564.3,,0.06,0.06,0.38,3.7,,0.17,0.6,,140.17,5285.9,,0,0,0,3.59,57.3,,11.79,51.9,,13.52,249.7,,4.85,22.9,,0,0,0.75,1.04,2.95,163,,117.15,379.6,
59,2017,Nalgonda,415.25,13807.4,,0,0,4.48,38.5,,0.04,0.1,,27.49,1410.2,,0.01,0.1,,0.22,3,,22.92,124.9,,5.36,86.7,,5.53,12.4,,0,0,0.33,0.39,8.38,573.1,,110.1,423.9,
56,1966,Nizamabad,125,2650,42.9,0.06,0.06,81.13,634.2,57.7,6.34,24.2,,133.68,2071.9,50.5,3.6,55.7,,17.44,289.2,,66.73,138.8,,82.83,887.6,118.1,0.37,0.7,187.8,0.73,0.17,30.27,21.41,0.26,27.8,69.9,46.84,99.3,
56,1967,Nizamabad,124,2500,48,2.93,3.4,48.79,436.9,62.9,0.51,1.8,65.4,104.26,1620,67.7,0.01,0.1,60.4,37.5,439.9,,23.96,82.2,,2.22,38.1,154,1.49,3,218.3,8.29,5.62,12.99,15.75,59.05,2750.8,,19.25,87.4,
56,1968,Nizamabad,97.5,1580,53.3,0,0,13.53,68.9,67.1,3.85,11.9,,2.68,70.8,,0,0,0,0.72,9.9,,31.66,101.3,,27.06,233.5,95.7,7.52,13.3,,0,0,1.28,1.52,1.09,60.7,,79.99,276.8,
56,1969,Nizamabad,127.5,2287,48.3,1.55,1.74,11.47,85,66,7.85,27.7,,59.37,1732.7,64.7,0,0,0,12.66,173.8,,3.33,11.7,,2.02,32.3,137.3,2.06,6.6,204.3,1.72,0.96,19.39,26.23,34.79,1609.1,60.5,7.93,10.3,
56,1970,Nizamabad,132,2335,56.1,0.05,0.04,7.09,44.9,78.5,0.02,0.1,,75.57,2634.8,44,0,0,0,1.98,27.3,96,22.02,76.9,95,37.47,516.4,134.2,15.23,31.4,150.6,0,0,0.9,1.06,0,0,70.2,153.64,609.9,282
56,1971,Nizamabad,70.6,1025,70.4,0.93,0.95,53.64,774,85,1.02,6.5,,23.85,756.2,58.9,0,0,0,16.72,268.6,97.5,38.33,295.9,,4.64,61.7,92.5,3.52,6.4,193.2,0,0,6.82,7.45,0.17,18.6,101.9,211.31,1092.5,
56,1972,Nizamabad,88.1,365,84.4,1.17,0.77,31.72,447,105.3,0.38,2.4,,27.05,1187.1,79.5,2.06,48.1,,8.81,101.5,130.4,31.97,283.6,,7.18,145.9,129.5,0.93,2.1,271.4,5.11,3.68,0.49,0.51,2.51,108,125.5,17.4,68.7,
56,1973,Nizamabad,117.1,2329,80.7,0.11,0.11,0.16,1.1,106.8,0.35,2.3,,155.62,9007.1,71.5,0,0,0,3.14,33.4,184,9.93,72.4,143,15.6,235.7,174.4,2.93,11.1,315.6,0,0,0.87,1.74,3.67,188.2,144.8,137.39,768,
56,1974,Nizamabad,140.8,2095,113.2,0,0,3.33,39.6,148.5,0.06,0.4,,28.53,1780.2,142.5,0.01,0.2,,0.14,2,190,18.87,108.7,,6.57,95.5,172.3,5.14,13,386.5,0,0,1.01,1.37,8.63,579.6,113,118.51,644.7,
56,1975,Nizamabad,150.5,2881,86.6,0.07,0.07,68.27,653.9,130.4,5.79,43.9,,123.09,4755.6,73.4,2.98,41.1,,21.25,340.7,130.2,69.36,491.1,,98.6,1939,140.2,0.43,1,140.2,0.57,0.13,26.6,18.92,0.17,17.6,96,68.64,249.9,
56,1976,Nizamabad,133.8,2375,86.5,3.34,3.45,44.73,549,125,0.67,4.3,,101.6,4289.7,82.9,0.01,0.1,,37.66,374,147.5,23.72,119.5,,2.2,41.5,186,1.44,3.2,402.2,8.24,6.17,18.66,28.92,58.84,2863.1,133,28.97,172.1,
56,1977,Nizamabad,133.2,3041,91.6,0,0,12.06,63.5,98.4,4.72,23.4,,3.5,84.7,88.2,0,0,0,0.71,9.8,246.2,37.55,182.9,,31.82,319.2,,6.91,9.6,,0,0,1.49,2.01,0.84,54.5,107.5,106.23,387.8,
56,1978,Nizamabad,153.9,3987,82.1,1.75,2.19,9.62,128.5,127.4,9.37,60,,62.42,3360,90.1,0.01,0.1,,27.81,488.3,210,3.09,20,,3.13,66.4,,1.81,4.6,,1.64,1.74,36.42,55.34,30.49,1735.5,78.5,8.77,26.2,
56,1979,Nizamabad,134,2500,100.6,0.01,0.01,6.95,41.5,106.7,1.45,9.3,,78.89,3506.1,100.5,0,0,0,1.75,12.4,228.7,21.62,87.3,,37.14,555.6,220.2,14.33,35.1,445,0,0,0.35,0.47,0,0,212,160.09,806.8,
56,1980,Nizamabad,138,2900,114.1,7.18,8.35,44.97,566,127.5,0.35,2.2,,32.62,1374.8,96.5,0,0,0,23.66,351.7,304,41.07,193.9,,5.96,75,,7.56,14.2,,0,0,7.03,6.47,0.04,3.4,265.2,279.35,1047.6,
56,1981,Nizamabad,151,3580,119.8,1.04,0.66,23.61,387.6,212.4,0.33,2.1,,30.03,762.6,118.8,1.45,19,,6.96,95,267.8,33.29,206.4,,7.09,141.6,,0.59,1.4,,2.45,0.17,0.44,0.41,2.36,104.9,295.5,17.84,82.1,
56,1982,Nizamabad,155.5,3429,139,0.01,0.02,0,0,146.4,0,0,0,136.33,6296.6,133.1,0,0,0,1.65,23.1,,6.54,38.7,,16.78,302.4,376.3,2.37,10.2,,0,0,1.46,3.27,2.83,138.3,148.6,180.13,724.1,
56,1983,Nizamabad,158.8,3200,148.8,0,0,3.16,29,168.4,0.04,0.3,132.9,37.65,2467.6,144.3,0.02,0.3,,0.18,2.9,295.8,14.68,87.5,,6.8,108.8,392.4,5.08,15.6,,0,0,0.16,0.19,4.3,290.8,262,124.52,539.2,
56,1984,Nizamabad,145.1,2759,145.3,0.04,0.05,49.04,434.2,148.7,11.05,73.1,,125.96,2030.2,109.3,2.56,41.8,,20.63,317.8,434.2,79.97,230.3,,99.47,1629.1,404.6,0.26,0.6,,0.79,0,24.28,17.36,0.08,6.5,257.9,90.3,175.2,
56,1985,Nizamabad,135.7,2596,157.4,3.08,3.87,38.52,404,154,0.74,4.7,,87,2082.8,157.3,0,0,0,36.02,360.6,421.4,24.58,144.3,,1.82,35.6,418.5,1.05,2.6,,6.99,3.05,15.64,28.19,45.92,2124,301.1,49.12,199.9,
56,1986,Nizamabad,128,1900,158.5,0,0,6.06,28.6,160.5,2.32,11.6,,3.25,55.2,152.8,0,0,0,0.49,7.7,321.9,41.02,193.6,,25.34,256.9,449.9,2.92,4.7,,0,0,1.73,2.15,0.24,13.4,269.4,162.52,531.4,
56,1987,Nizamabad,126,2710,175.1,1.3,1.78,5.96,70.6,179.2,7.03,44.5,,68.07,3419.6,146.1,0,0,0,28.42,704.2,429.9,3.34,45.7,,2.88,63.9,607.3,2.27,5.7,,2.04,1.22,29.05,35.7,16.83,845.2,307.2,11.83,49.7,
56,1988,Nizamabad,145,3575,186.5,0,0,4.94,39.7,194,0,0,0,79.7,3443.9,176,0,0,0,1.13,9,665,17.09,129,,34.48,543.4,638,7.65,18.5,,0.01,0,0.27,0.33,0,0,302,176.42,970.3,
56,1989,Nizamabad,152.2,3734,198.5,3.39,4.57,58.32,707.4,306,0.83,4,194,17.9,684.7,173,0,0,0,9.54,143.4,564,48.73,274.3,,2.23,41.3,,5.43,11.7,,0.17,0.08,1.58,1.24,0,0,394,280.54,939.8,714
56,1990,Nizamabad,161.28,3964.4,208,0.99,0.85,21.9,202,235,0.17,0.8,380,27.04,530.7,188,0.39,3.5,,6.64,102.2,585,34.35,143.9,839,7.39,111.4,738,0.59,0.6,1029,2.17,0.9,0.76,0.65,1.96,83.7,378,26.59,60.6,
56,1991,Nizamabad,135.39,3048.1,292,0,0,0.96,8.1,388,0.71,3.4,,100.58,3449.5,294,0,0,0,4.17,40.2,708,6.94,50.9,967,13.97,213.5,1038,4.67,21.5,,0,0,1.08,1.54,2.33,123.7,378,199.55,784.2,1360
56,1992,Nizamabad,106.06,2149.9,304,0,0,8.34,65.8,296,0.03,0.2,240,36.99,1819.7,270,0.02,0.1,,0.15,2.1,738,12.39,59.2,925,6.58,92.3,669,4.37,7.6,1015,0,0,0.39,0.39,3.02,114.5,555,131.9,510.5,1359
56,1993,Nizamabad,111,2260,355,0.07,0.07,63.87,392.3,341,4.98,22.1,351,130.08,1397.6,256,1.71,17.7,,27.36,421.9,912,92.44,202.5,894,118.47,2185.6,739,0.86,0.9,1509,0.6,0.37,24.34,16.39,0.32,11.5,607,118.7,255.2,1278
56,1994,Nizamabad,110,2550,390,2.95,2.57,36.76,327.4,406,0.27,1.3,,111.08,1201.2,314,0,0,0,44.63,540.1,856,25.88,65.5,1344,2.19,37.9,969,0.83,1.2,1824,6.7,2.84,14.82,20.15,37.54,1418.9,,66.02,91.8,2116
56,1995,Nizamabad,136,2900,373,0,0,12.63,83.3,,1.81,10.8,,1.86,39.6,,0,0,0,1.06,15.3,,42.39,179.3,,25.4,338.5,,1.42,2.5,,0.03,0.01,2.04,1.9,0.24,10.7,,136.41,368.3,
56,1996,Nizamabad,148,3770,401,1.68,1.83,10.15,98.7,564,7.95,38.5,391,75.13,2532.6,387,0,0,0,26.42,475.5,1122,3.64,34.1,1134,2.55,37,1050,1.8,5.9,1769,3.85,1.67,16.17,12.61,13.53,401.1,850,15.12,65.8,1823
56,1997,Nizamabad,103,1840,452,0,0,11.39,82,508,0,0,0,68.62,2004.8,400,0,0,0,1.52,13.5,1676,25.83,101.8,1610,34.63,531.1,1096,9.71,8.7,1338,0,0,0.24,0.24,0,0,1043,185.34,897,2024
56,1998,Nizamabad,159,4360,,4.05,5.2,40.72,367.5,530,1.56,11.3,524,20.36,798.4,415,0,0,0,11.65,155.5,,49.53,270.9,1060,1.93,37.2,1391,4.15,11.4,2240,0.11,0.08,1.62,1.32,0.01,0.7,1551,324.98,1121.2,1914
56,1999,Nizamabad,170.26,4322.8,523,0.79,1.03,20.52,146.9,691,0.33,2.4,438,29,622.3,421,0.88,13,425,6.7,68,1203,41.91,111.5,1450,8.34,100.2,1198,0.46,0.8,1985,2.39,1.62,0.36,0.37,2.73,108.1,715,34.07,97.1,1990
56,2000,Nizamabad,180.71,4980.4,521,0.01,0.01,0.26,3.3,521,2.7,19.6,,91.16,4358.6,387,0,0,0,1.62,12,1450,9.43,34.1,1323,10.75,156.4,934,6.28,27.3,1996,0,0,0.25,0.31,3.07,116.9,1323,235.4,854.5,2212
56,2001,Nizamabad,158.17,4003.8,537,0,0,2.51,23,527,0.01,0,0,35.06,2161.4,485,0,0,0,0.3,4.1,1634,14.87,55.3,1408,6.4,120.5,1165,5.27,10.4,1771,0,0,0.25,0.27,6.75,289.8,811,148.65,691,1705
56,2002,Nizamabad,108,1800,645,0.03,0.04,45.49,393.1,662,3.9,28.7,474,88.26,2848.4,508,1.82,20.9,415,28.02,419.9,1629,124.27,505.8,1772,113.39,2285.9,1321,0.72,1.3,1779,0.89,0.61,10.83,7.74,2.03,161.5,829,160.25,533.6,2031
56,2003,Nizamabad,91.37,2823.6,574,2.76,3.59,37.26,416.9,746,0.41,2.9,544,100.13,3542.5,406,0,0,0,35,410.9,1326,29.78,208.5,1749,1.33,20.5,1677,0.75,1.5,1550,6.11,4.14,8.36,12.46,46.21,1721,792,78.39,217.1,2469
56,2004,Nizamabad,73.4,1692.4,600,0,0,6.5,45.2,545,2.16,15.2,454,1.86,51.8,497,0,0,0,0.52,7.1,1335,46.96,216.5,1488,22.63,243.1,1376,1.96,2.9,2368,0,0,0.27,0.29,0.91,31.4,1188,165.11,516.8,1697
56,2005,Nizamabad,149.54,5059.9,530,1.67,2.18,8.25,86.3,722,8.05,58.4,550,77.26,3693.9,504,0,0,0,23.88,394.9,1550,5.71,58.1,1547,1.47,30.8,1672,1.79,5.9,2095,2.6,1.55,5.93,5.67,16.79,636.7,1102,20.43,111.1,1921
56,2006,Nizamabad,167.65,5388.6,655,0.02,0.03,4.61,34.1,616,0.01,0.1,885,66.94,2608.4,598,0,0,0,1.07,8.6,1704,18.97,51,1884,29.67,517.4,1832,5.85,11,2546,0,0,0.1,0.11,0,0,1051,227.97,1016.8,1869
56,2007,Nizamabad,127.45,4529.5,750,3.28,4.33,27.58,422.7,873,0.52,3.3,1438,18.05,524,682,0,0,0,6.23,68.6,1944,39.42,236.1,2166,1.01,16,1322,2.5,11.1,4167,0.17,0.12,0.56,0.3,0,0,1062,361.17,899.3,2070
56,2008,Nizamabad,190.03,6796.1,894,0.68,0.9,16.82,141.9,959,0.09,0.6,1741,37.69,722.4,811,0.76,11.5,838,5,53,1981,39.42,111.9,2171,9.15,174.7,2408,0.24,0.7,3655,1.68,1.49,0.27,0.27,2.47,86.1,1221,40.03,66.9,2705
56,2009,Nizamabad,121.27,3890.6,952,0.02,0.02,0.23,0.5,1256,0.6,3.8,928,97.3,3655.4,859,0,0,0,1.16,10.2,1719,9.59,43.9,4297,7.92,127.5,2505,5.74,21.7,3706,0,0,0.26,0.52,3.5,156.9,1983,235.25,498.7,3057
56,2010,Nizamabad,221.62,8442.4,906,0,0,2.02,9.8,1897,0,0,0,27.4,1365.9,938,0,0,0,0.25,2.2,1872,6.05,22.9,3511,5.35,94.2,3651,2.42,5,3688,0,0,0.13,0.13,9.11,425.9,1913,171.68,358.8,4310
56,2011,Nizamabad,259.81,9722,1018,0.02,0.02,39.38,286.9,2621,2.34,12.9,1906,146.43,2157.5,946,1.43,16.4,,26.06,37.3,3092,121.18,208.4,2915,105.78,1546.2,4015,0.59,1.8,6019,0.82,0.61,6.11,2.49,5.37,221,2200,185.29,372.4,3673
56,2012,Nizamabad,192.96,7361.9,1135,2.54,3.41,28.77,385.9,1917,0.32,2,3526,116.7,3420.8,1198,0.01,0.1,,27.03,290.5,3399,31.18,118.8,3229,1.18,9.8,4828,0.52,1.6,3688,6.21,4.54,9.73,11.25,46.39,2249.6,2600,93.08,277.4,3683
56,2013,Nizamabad,260.81,10441.9,,0,0,2.71,29.5,,0.92,7.5,,2.5,57.8,,0,0,0,0.28,2.4,,34.83,67.2,,17.82,188.2,,1.42,2.1,,0,0,0.33,0.34,1.62,62.6,,205.36,351.2,
56,2014,Nizamabad,169.27,6205.3,,1.42,1.88,7.87,138.2,,6.54,41,,86.32,4368.8,,0,0,0,17.53,239,,3.95,36.6,,1.34,22.4,,3.56,13.1,,0.97,0.58,6.91,8.73,15.61,692.8,,23.15,53.7,
56,2015,Nizamabad,98.03,2627.9,1503,0,0,3.07,26.4,1820,0,0,0,58.96,2652.1,1339,0,0,0,1.31,17.5,4580,13.03,61.1,,21.81,441.2,4956,2.65,10.6,6695,0,0,0.02,0.02,0,0,3200,265.81,1020.7,4106
56,2016,Nizamabad,265.97,10670.1,1513,3.59,4.05,28.79,354.6,,0.29,4.9,,22.02,687.7,1421,0,0,0,17.2,253.4,,40.63,268.2,4246,1.59,28.9,4811,3.04,10,,0.06,0.09,0.41,0.62,0,0.2,,370.36,1229.6,4837
56,2017,Nizamabad,267.21,9689.5,,0.62,0.7,16.17,150.8,,0.2,1.8,,42.97,1667,,0.6,11.2,,5.35,64.3,,39.5,161.2,,9,151.4,,0.27,0.9,,1.23,0.99,0.24,0.27,2.15,89.2,,60.23,246.4,
60,1966,Warangal,137,1590,54.5,0.01,0.01,0.12,1.3,47.5,0.7,11.6,44,108.71,5686.8,52.8,0,0,0,2.16,10.6,,6.59,46.1,85.8,9.34,141,102.3,7.68,40,,0,0,0.36,0.58,3.94,160.8,,251.38,849.6,
60,1967,Warangal,136,1770,46.5,0,0,1.98,19,58,0,0,0,32.06,1724.6,,0,0,0,0.22,3.2,,3.53,14.1,112.2,6.51,104.5,117.5,2.44,5,125,0,0,0.15,0.17,10.64,507.4,,184.77,859.2,
60,1968,Warangal,90.1,910,60.1,0.01,0.01,37.35,426.7,80,2.99,28.2,47,135.43,4198,40,1.64,19.1,,25.55,365.9,,115.28,608.7,118,105.04,1927.7,97.3,0.7,2.3,,0.68,1.11,4.37,3.34,4.03,265.4,,222.54,850.1,
60,1969,Warangal,149.3,1946,48.7,2.44,2.27,25.04,278.6,52.7,0.33,2.9,52,142.21,6430.3,51.2,0,0,0,30.02,440.4,,29.2,197.4,80,1.52,16.4,112.7,0.42,1.5,171.7,5.22,3.02,10.78,17.08,42.6,1932.3,,128.87,759,
60,1970,Warangal,134,1757,53.9,0,0,4.91,32.2,44.5,2.01,16.4,46.1,4.62,109.3,42.3,0,0,0,0.61,8.9,,28.64,138.3,93.2,22.41,339.8,106.6,0.97,1.3,232.9,0,0,0.4,0.47,1.88,81.7,,297.82,1024.5,
60,1971,Warangal,67.9,945,72,1.27,1.86,5.66,57.9,70.9,3.3,55.2,79.4,94.83,5057.4,62.4,0,0,0,29.7,473.4,,3.13,31.7,102,1.33,33.7,126.9,4.76,20,211.3,2.68,2.13,11.3,9.12,14.14,582.4,,20.5,78.1,
60,1972,Warangal,58,759,90.3,0,0,2.68,21.4,89.5,0,0,0,80.09,3876.1,80.3,0,0,0,1.15,19.1,,9.21,62.5,179.8,30.41,605.1,158,2.3,9.5,232.2,0,0,0.03,0.04,0,0,,276.41,1000.6,
60,1973,Warangal,136.3,2273,84.5,3.17,4,26.13,216.6,92.5,0.2,1.9,72,22.82,860.6,92.9,0,0,0,25.33,347.2,,40.26,270.1,130,1.71,29.2,216.3,4.88,18.7,315,0.31,0.22,0.47,0.76,0,0.2,,302.85,1184.4,
60,1974,Warangal,107,1371,108.1,0.57,0.36,14.66,158.2,140.1,0.15,1.4,132.5,49.37,1754.4,126,0.59,10.7,,5.4,67.7,,36,158.8,130,10.78,175,181.3,0.21,0.5,241.6,1.24,1.28,0.29,0.28,0.86,56,,59.49,251.3,
60,1975,Warangal,150.6,2586,85,0,0,0.12,1.5,78.3,1.97,18.5,80.6,114.34,6246.1,70.4,0,0,0,1.36,18.4,133.8,4.62,31.3,99.9,11.02,166.2,131,6.08,30.5,186.7,0,0,0.2,0.29,2.02,165,,231.38,1204.6,
60,1976,Warangal,142.5,2390,90.3,0,0,0.36,3.4,102.9,0.01,0.1,,37.24,2037,86.7,0,0,0,0.09,1.5,149,2.06,11.8,170.3,6.37,105.8,233.4,3.67,9.1,357.6,0,0,0.13,0.13,5.14,490,,175.05,987.7,
60,1977,Warangal,96.4,1163,96,0.01,0.01,37.22,419.9,92.6,3.14,29,95.3,165.67,7867,92.7,1.12,14.4,,24.48,450.9,186.8,116,546.4,184,126.13,2208.3,183.2,0.39,0.9,322.8,0.12,0.08,3.82,3.66,1.93,138,,230.61,860.3,
60,1978,Warangal,163.2,3104,83.3,2.12,1.71,17.78,196.1,76.5,0.23,2.2,68,143.38,5334.1,82.7,0.01,0.1,,19.88,315.5,192,26.83,154.8,242.5,1.46,18.4,157.8,0.27,0.8,297.7,3.92,2.39,7.55,9.41,21.42,1857,,122.3,539.2,
60,1979,Warangal,89,1350,103.9,0,0,4.57,27.9,90.4,0.77,7.8,78.4,4.82,80.8,92.4,0,0,0,0.49,8.4,190.1,25.08,143.7,268.3,21.46,288.9,,1.55,3.3,,0,0,0.19,0.18,0.91,87,,335.98,1397.6,
60,1980,Warangal,131,2510,108.1,1.17,1.71,4.34,51.4,97.9,6.76,63.6,82.6,92.65,4958.4,94.6,0,0,0,35.73,730.9,,3.63,20.7,277.3,1.2,24.8,222.3,4.05,16.2,411.8,2.28,1.61,6.92,3.85,7.03,583,,15.4,55.1,
60,1981,Warangal,155,2890,119.9,0,0,1.99,13.8,115.7,0,0,0,119.93,5976.6,122.5,0,0,0,0.68,5.7,,8.44,54.8,319,29.94,534.7,259.5,3.1,7.1,453.8,0,0,0.05,0.05,0.01,0.4,,239.79,1197.3,
60,1982,Warangal,130.2,2287,143.2,3,3.56,20.13,177.2,114.5,1.58,14.8,98.7,23.38,687.6,133.9,0.01,0.1,,12.61,150.7,,35.27,290.7,328.2,0.98,18.8,284.3,4.82,21.5,426.5,0.04,0.03,0.53,0.49,0,0.3,,304.42,1031.5,
60,1983,Warangal,162,3287,148.6,0.39,0.46,8.04,91.1,118.8,0.06,0.6,105.4,48.2,1431,141.3,0.43,9.4,,4.71,47.1,,31.07,124.6,406,6.18,98.6,311.5,0.24,0.5,574,0.8,0.59,0.24,0.33,0.94,71,,63.47,198.9,
60,1984,Warangal,113.9,1836,160.7,0,0,1.28,19.4,125.6,1.5,14.1,126.1,108.09,5423.1,117.1,0,0,0,1.72,21.2,,3.14,22.6,350.6,6.97,143.9,319.3,7.28,36.7,685.1,0,0,0.54,0.81,2.05,165.7,,214.59,1054.2,
60,1985,Warangal,117.6,1786,169,0,0,0.53,6,129.9,0,0,0,32.8,1610.2,170.5,0,0,0,0.02,0.3,,1.96,10.2,376.6,4.38,82.1,339.1,1.13,1.6,522.1,0,0,0.07,0.1,5.58,464.1,,157.42,871.7,
60,1986,Warangal,118,1290,168.8,0,0,24.76,274.2,148.3,1.58,15,149,182.49,3493.6,142.9,1.09,7.9,,21.07,375.7,,100.64,452.9,571.2,97.4,1979.7,413.1,1.09,3.1,553.7,0.3,0.22,2.84,2.4,1.32,109.2,,237.68,836.1,
60,1987,Warangal,157,3350,187.7,1.25,0.93,12.03,127.4,146.8,0.3,2.8,155.2,127.63,2265.1,197.5,0.01,0.1,,10.1,109,,22.02,70,571,0.81,9.5,587.9,0.61,1.9,878.1,1.56,0.85,7.25,12.55,22.08,1997.4,,133.7,420.5,
60,1988,Warangal,178.7,4373,209,0,0,1.89,6.4,191,0.04,0.2,168,3.85,73.4,214.5,0,0,0,0.19,2.6,,15.69,74.8,573,14.37,179.4,517,0.61,0.6,645,0,0,0.06,0.08,0.74,61.8,,307.79,909.3,
60,1989,Warangal,179,4071,210.5,1.2,1.97,7.86,114.2,193.5,6.06,56.8,165,57.65,2840,214.5,0,0,0,7.97,93.6,,3.38,8.9,607,0.88,25.1,577.5,5.16,24.1,825,1.46,1.41,6.83,8.88,5.43,473.6,,15.8,33.9,
60,1990,Warangal,187.86,4544.6,217,0,0,2.48,16.7,208,0.08,0.8,180,107.39,5256.5,212,0,0,0,0.94,12.6,,7.51,38.1,775,22.83,415.2,698,2.88,6.7,827,0,0,0.02,0.03,0,0,,228.06,1093.9,
60,1991,Warangal,157.73,3568.7,294,2.73,13.33,18.38,184.4,296,1.64,15.4,371,21.41,734,314,0,0,0,13.16,157.1,,37.93,382.3,844,1.6,35.6,805,4.19,10.1,1263,0,0,0.13,0.1,0.01,0.8,,336.45,1509.6,1603
60,1992,Warangal,109.84,2140.3,298,0.2,0.78,7.79,105.4,335,0.07,0.6,,47.39,1818.6,329,0.21,2.3,,3.75,42.5,,30.32,81.3,826,3.34,40.1,754,0.17,0.1,1075,0.38,0.29,0.13,0.16,1.13,62.5,,63.01,169.1,
60,1993,Warangal,108,2690,390,0,0,0.05,1,268,1.04,9.7,,84.95,3763.2,273,0,0,0,1.44,20.3,,3.46,13.5,810,5.79,84.5,765,3.33,10,1091,0,0,0.52,0.71,0.75,58.8,,201.24,986.9,
60,1994,Warangal,142,3790,397,0,0,0.24,1.9,343,0,0,0,20.63,1021,387,0,0,0,0.01,0,0,2.86,16.5,,5.43,146.8,946,0.45,1.3,1207,0,0,0.08,0.1,5.42,444.4,,154.99,835.2,
60,1995,Warangal,136,3220,421,0,0,25.96,253.7,,1.22,11.7,,162.56,2138.8,389,0.71,2.8,,22.09,61.4,,115.98,298.1,1415,79.06,1261.2,1108,0.51,0.2,,0.31,0.52,1.2,0.95,2.16,130.9,,273.99,472.6,
60,1996,Warangal,179,4790,448,1.21,0.91,14.68,145.9,413,0.29,2.7,386,116.41,2591,419,0,0,0,11.84,127,1203,24.26,87.1,1299,0.58,5.1,1195,0.29,0.3,1457,2.26,1.57,5.2,7.55,17.78,1210.4,850,134.24,407.1,
60,1997,Warangal,78,1800,472,0,0,2.16,8,533,0.06,0.3,389,2.54,30.1,421,0,0,0,0.23,1.6,1441,21.83,97.4,1456,11.77,122,1076,0.38,0.3,1244,0,0,0.01,0.01,1.23,108.4,1052,341.66,1154.3,1920
60,1998,Warangal,207,5730,502,0.81,1.89,5.71,48.8,519,1.58,14.8,374,42.06,1797.3,436,0,0,0,16.74,86.9,1162,5.06,25.3,1623,0.55,14.7,1174,2.19,6.2,1930,0.9,0.2,4.26,3.73,6.43,388.5,,16.66,29.7,1981
60,1999,Warangal,184.14,3894.9,573,0,0,1.39,8.1,577,0.01,0.1,438,74.84,3616.7,446,0,0,0,0.59,6.8,1365,7.23,47,1418,19.67,349,1187,2.36,0.7,1890,0,0,0.01,0.02,0,0.1,,251.02,1154.9,1925
60,2000,Warangal,225.1,6500.2,508,3.34,5.24,17,178.2,628,0,0,0,30.63,1871.6,375,0.01,0.1,,24.59,362.7,1466,50.68,559.5,1292,2.21,45.6,1141,6.14,24.4,1461,0.32,0.21,0.1,0.18,0.02,1.3,,275.6,1351.1,2409
60,2001,Warangal,179.53,5150.4,580,0.18,0.23,12.73,160.3,599,0.14,1.3,380,98.26,3109.4,431,0.13,1.4,,5.89,89.7,1457,56.94,385.5,1323,5.32,96.6,1230,0.07,0.1,1693,0.41,0.42,0.23,0.41,1.12,54.6,,70.81,203.9,1715
60,2002,Warangal,135,2930,795,0,0,0.72,8.5,596,11.99,104.3,484,102.86,5597.7,512,0,0,0,1.5,20.1,1436,8.52,76.9,1439,4.52,97.9,1549,7.93,76.7,1894,0,0,0.35,0.65,0.41,11.3,,151.41,858.5,2022
60,2003,Warangal,170.24,5107.7,562,0,0,0.55,5.5,621,0.02,0.2,529,24.5,1384.4,482,0,0,0,0.04,0.6,1414,7.17,32.6,1689,6.45,110.2,1542,0.66,3.2,1948,0,0,0.04,0.07,6.56,378.9,,119.45,723.4,2366
60,2004,Warangal,130.32,3557.6,609,0.03,0.04,35.74,304.3,648,1.64,17.4,516,201.27,2495.7,476,0.99,11.6,504,21.91,177.5,1360,156.46,870.3,1494,107.7,2322.3,1393,0.28,0.6,2551,0.26,0.2,1.2,1.17,3.44,141.7,1338,148.11,465.6,1925
60,2005,Warangal,201.88,6461.8,619,1.1,1.22,14.16,125.1,775,0.24,2.1,533,155.57,4337.8,508,0,0,0,14.84,207.7,1700,35.37,238,1551,1.58,32.6,1548,0.19,0.8,2193,1.81,0.74,3.04,5.62,11.75,986.3,1325,118.61,457.1,1915
60,2006,Warangal,208.94,5893.9,666,0.01,0.01,3.76,19.8,1068,1.13,6.6,616,5.88,123.3,595,0,0,0,0.33,4.3,1943,48.36,321.1,2037,17.84,258.3,1764,0.56,1,2252,0,0,0.11,0.2,1.7,128.9,1148,283.89,841.6,1936
60,2007,Warangal,186.78,5595.6,807,0.75,0.68,3.72,63.4,923,1.53,13.3,1438,69.17,3530,628,0,0,0,31.12,439,2447,6.84,42.8,2075,0.63,12.8,2047,3.26,35.8,2141,1.57,1.33,0.49,0.67,4.09,343.4,1222,8.86,36.8,2037
60,2008,Warangal,230.86,6899.7,993,0,0,1.36,11.8,1216,0.01,0,0,113.68,6374.8,1012,0,0,0,1.2,16.3,2306,17.11,95.6,2868,20.85,443.3,2448,1.8,3.3,3816,0,0,0.33,0.62,0.26,14.8,1957,232.02,1261.8,2785
60,2009,Warangal,124.43,3163.3,1371,2.76,3.78,13.61,147.9,1255,1.14,12,908,30.18,2259.4,822,0,0,0,27.34,402.4,2405,47.01,431.9,3728,1.46,32.6,2865,4.12,16.1,3706,0.5,0.29,0.02,0.05,0,0.3,3007,340.98,1827.4,2896
60,2010,Warangal,268.06,8604.1,981,0.12,0.16,10.88,106.9,1282,0.07,0.7,,76.66,1966,1031,0.08,0.9,,5.36,76.2,2808,56.82,424.4,3107,5.46,124.8,3181,0.06,0.1,3283,0.35,0.28,0.2,0.44,1.66,129.8,,121.8,510.8,4373
60,2011,Warangal,224.35,5739.4,1057,0,0,0.24,3.3,2127,1.91,20.2,,65.36,3368,1068,0,0,0,1.27,18.5,2894,4.68,32.6,2898,3.23,52,2877,7.08,36.7,3831,0,0,0.26,0.57,0.3,23,,174.97,1012.8,3740
60,2012,Warangal,209.71,6890.2,1414,0,0,0.6,7.5,2622,0,0,0,40.99,2518.2,1225,0,0,0,0.02,0.3,3561,4.8,40.5,3558,4.76,97.5,4352,0.25,1.3,5103,0,0,0.02,0.05,5.06,385.9,2600,143.17,997.2,3308
60,2013,Warangal,254.85,8005.2,,0.02,0.03,25.3,278.9,,0.65,7.3,,138.08,3171.1,,1.38,15.7,,20.03,289.7,,142.96,1130.7,,119.95,2732.5,,0.39,1.2,,0.17,0.12,0.45,0.97,4.84,393.7,,275.05,871.9,
60,2014,Warangal,142.01,4374.4,,0.72,0.82,9.56,107,,0.1,1,,102.9,3601.5,,0,0,0,10.76,145.2,,30.83,246,,1.12,20.8,,0.06,0.3,,1.48,0.93,2.2,4.73,17.37,1213.6,,180,1233.8,
60,2015,Warangal,181.07,5729.4,1424,0,0,2.07,13.7,2550,0.14,1,,1.72,60.7,1296,0,0,0,0.28,4.3,5043,26.86,161.1,7997,12.79,247,4248,0.12,0.2,7936,0,0,0,0.01,1.62,130.9,,351.28,1491.9,3921
60,2016,Warangal,275.02,9734.1,1475,0.54,0.98,3.69,52.9,,4.75,50.2,,71.49,3834.5,1139,0,0,0,30.43,512,,7.23,78.9,4277,0.38,8.4,4811,3.88,32.2,,1.36,0.58,0.23,0.42,4.72,368.5,,19.21,89.7,4287
60,2017,Warangal,269.29,7833.1,,0,0,1.35,15.9,,0.01,0.1,,103.07,6742,,0,0,0,1.97,29.1,,9.17,91.5,,17.92,409.6,,0.34,1.1,,0,0,0.26,0.57,0.21,17.5,,290.51,1316.4,
